source account,text,date,tweets ago,compound score,positive score,neutral score,negative score
@BBC,"Women are more likely to wait longer for a health diagnosis and to be told it‚Äôs ‚Äòall in their heads‚Äô.
üëâ‚Ä¶ https://t.co/9u3Pb6hQpT",2018-06-02,0,0.0,0.0,1.0,0.0
@BBC,"A once-in-a-lifetime conversation with Eileen Atkins, Judi Dench, Maggie Smith and Joan Plowright. ‚ú®

Nothing Like‚Ä¶ https://t.co/JxH075mKLm",2018-06-02,1,0.4215,0.167,0.833,0.0
@BBC,"Not long to go now...‚öΩÔ∏è

#HistoryWillBeMade https://t.co/Q2BX0nK5vg",2018-06-02,2,0.0,0.0,1.0,0.0
@BBC,A project to provide free sanitary products to women from low income households in Aberdeen is to be rolled out acr‚Ä¶ https://t.co/wfdK5nWCsC,2018-06-02,3,0.296,0.135,0.779,0.086
@BBC,üçΩÔ∏èü§£ When you‚Äôre too polite to complain. https://t.co/CrzNNixuaY,2018-06-02,4,-0.3612,0.0,0.737,0.263
@BBC,üåèüí´ 13.8 billion years of our universe's history packed into four minutes. https://t.co/EBGmVry69j,2018-06-02,5,0.0,0.0,1.0,0.0
@BBC,RT @BBCShakespeare: Turns out even #Shakespeare acting legends love a good get together. üé≠ Tag those special friends you share everything w‚Ä¶,2018-06-02,6,0.9337,0.502,0.498,0.0
@BBC,"Anthony Hopkins. Emma Thompson. William Shakespeare...

üëë It really doesn't get much better than this.  
#KingLear https://t.co/wQBYFQIIlf",2018-06-02,7,-0.3412,0.0,0.862,0.138
@BBC,"üì± Are health apps actually bad for your health?

'The danger is when we reduce our self-worth to a number.'
üëâ‚Ä¶ https://t.co/AOWkdvf3TY",2018-06-02,8,-0.7845,0.0,0.723,0.277
@BBC,"RT @BBCSpringwatch: BREAKING NEWS! üö®

Our wrens have started to fledge the nest üòç Stay up to date at https://t.co/gIA23qZAHX
#Springwatch h‚Ä¶",2018-06-02,9,0.0,0.0,1.0,0.0
@BBC,"In 1966, a group of schoolchildren made some sad and uncannily accurate predictions about the future. https://t.co/gNGkpeyoZ9",2018-06-02,10,-0.4767,0.0,0.829,0.171
@BBC,"ü§îüëî This men's T-shirt shirt is selling for ¬£935 and it's left loads of people pretty baffled.
üëâ‚Ä¶ https://t.co/yONjwKqdkz",2018-06-02,11,0.4939,0.151,0.849,0.0
@BBC,ü¶Ü Swans have been borrowing items from @SteveBackshall to build their nests for the last few years.  https://t.co/d5S5PG9Ygi,2018-06-02,12,0.0,0.0,1.0,0.0
@BBC,"üì∏üê∂ Call the puparazzi, these divas are ready to shine! üíéhttps://t.co/zYrpgXF69z",2018-06-02,13,0.4199,0.218,0.782,0.0
@BBC,"üôå‚ù§Ô∏è Take us back to @NiallOfficial at #BiggestWeekend.

There's still time to catch up on this incredible set + lot‚Ä¶ https://t.co/sP2h8cjgsw",2018-06-02,14,0.0,0.0,1.0,0.0
@BBC,"RT @bbcmusic: We knew @TaylorSwift13 was trouble when she touched down in Swansea üòÖüòç

Watch her showstopping @BBCR1 #BiggestWeekend set in‚Ä¶",2018-06-02,15,-0.4019,0.0,0.881,0.119
@BBC,üé§‚ù§Ô∏è #BTS are on the lips and screens of fans everywhere as the #Kpop band smash records in real life and on social‚Ä¶ https://t.co/h7KwxeZQm5,2018-06-01,16,0.0,0.0,1.0,0.0
@BBC,üòà Cute...but deadly. https://t.co/lhpd0watrN,2018-06-01,17,0.0,0.0,1.0,0.0
@BBC,Leaving work on a Friday like... üëãüíÉ#FridayFeeling @Camila_Cabello https://t.co/oJUssdSPfb,2018-06-01,18,0.0,0.0,1.0,0.0
@BBC,üß†üéû A film where the plot changes depending on the viewer‚Äôs brain activity has been developed. https://t.co/7UCYCO7Xyz,2018-06-01,19,0.0,0.0,1.0,0.0
@BBC,RT @BBCScotland: Watch one of Scotland's best-known structures appear from the mist in this stunning timelapse https://t.co/h0mUFTKcmQ,2018-06-01,20,0.4588,0.158,0.842,0.0
@BBC,"RT @bbcgetinspired: Meet the Nawaz family and hear how #SuperMovers is helping them get a better night‚Äôs sleep. 

Remember to check out Sup‚Ä¶",2018-06-01,21,0.6249,0.203,0.797,0.0
@BBC,"A natural hair dye based on the blackcurrant waste from the production of Ribena has been created by scientists.
üëâ‚Ä¶ https://t.co/4e001z6rPc",2018-06-01,22,0.1779,0.185,0.7,0.115
@BBC,"Smithy knows how to celebrate #nationalfishandchipday properly. üòÇüçü

https://t.co/FFV75BsW0Q",2018-06-01,23,0.5719,0.316,0.684,0.0
@BBC,"üåΩüçîüåÆ Vegan junk food, anyone? 
#MillionPoundMenu https://t.co/MY5i9Xph5H",2018-06-01,24,0.0,0.0,1.0,0.0
@BBC,RT @BBCTwo: Want to learn some quick Swedish and Danish? Here‚Äôs the cast of #TheBridge with some everyday phrases you might need‚Ä¶ ‚ò†üò± https:‚Ä¶,2018-06-01,25,0.0772,0.053,0.947,0.0
@BBC,üò¢ @NatGeoMag has published a selection of startling photos highlighting the vast amounts of discarded plastic choki‚Ä¶ https://t.co/vdjw1nnW36,2018-06-01,26,-0.2732,0.073,0.791,0.136
@BBC,"RT @BBCBreakfast: Come on then, who wants to get their hands on the world's largest freshwater pearl? üôãüôã‚Äç‚ôÇÔ∏è https://t.co/C0QV5sHSRx",2018-06-01,27,0.0,0.0,1.0,0.0
@BBC,"üé∂ Won‚Äôt you listen to the man that‚Äôs‚Ä¶ reading you a #BedtimeStory! 
 
üìö Catch @george_ezra tonight on #CBeebies! https://t.co/mcCzqePrQ7",2018-06-01,28,0.0,0.0,1.0,0.0
@BBC,"RT @BBC6Music: Which Biggest Weekend sets will you be watching back on iPlayer?

We asked Neneh (@misscherrylala), @Hanpeel, @Franz_Ferdina‚Ä¶",2018-06-01,29,0.0,0.0,1.0,0.0
@BBC,"This guy is INCREDIBLE üòÇ
#Hardball https://t.co/HiI4Uxe5TZ",2018-06-01,30,0.0,0.0,1.0,0.0
@BBC,The 1960s counterculture fuelled an artistic explosion in the US ‚Äì but were the flower children merely privileged?‚Ä¶ https://t.co/T81ZRLcQQr,2018-06-01,31,0.0,0.0,1.0,0.0
@BBC,Is individualism to be celebrated or lamented? https://t.co/85gs317qM5,2018-06-01,32,0.3182,0.306,0.496,0.198
@BBC,"'There's nothing a man can do that a woman cannot do'. 

Meet the Nigerian girls fighting out of poverty. ü•ä

https://t.co/d0fm8HShEK",2018-05-31,33,-0.7003,0.0,0.734,0.266
@BBC,"Did @PanicAtTheDisco's @BrendonUrie just reveal he was almost in The Greatest Showman? üò±üé∂

https://t.co/7YXvyrTfHw",2018-05-31,34,0.6041,0.232,0.768,0.0
@BBC,"üòç A baby tamandua called Poco has been born at @ZSLLondonZoo and we're in love. 
üëâ https://t.co/RM8LMd1PXm https://t.co/vI4Jkn6iVG",2018-05-31,35,0.6369,0.231,0.769,0.0
@BBC,"Introducing: the little owl! ü¶â üíö

Less nocturnal than other owls, you can often see these birds during the day.

https://t.co/Tn8nNXr5Wd",2018-05-31,36,0.0,0.0,1.0,0.0
@BBC,"RT @bbcthree: We asked people how debt has made them feel. 

More #debtweek content here: https://t.co/UJmBR9F7ij https://t.co/eEycLWdPlu",2018-05-31,37,-0.3612,0.0,0.865,0.135
@BBC,"RT @BBCSport: #AnnounceVR = ‚úÖ

#AnnounceUltraHD = ‚úÖ 

#bbcworldcup #worldcup https://t.co/PQuzRhjh7L",2018-05-31,38,0.0,0.0,1.0,0.0
@BBC,This is what London looked like 2000 years ago.  #LondonHistoryDay https://t.co/oR66LdjZfs,2018-05-31,39,0.3612,0.2,0.8,0.0
@BBC,"RT @BBC3CR: For the first time in the history of Luton International Carnival, a group of blind and visually impaired people have taken par‚Ä¶",2018-05-31,40,-0.4019,0.0,0.891,0.109
@BBC,"""Goodbye my friend..."" üá¨üáß üß°

On this day 20 years ago, @GeriHalliwell announced that she was leaving the Spice Girl‚Ä¶ https://t.co/NZtZJfNyBF",2018-05-31,41,0.0,0.0,1.0,0.0
@BBC,üéßüé§ South Korean boy band @BTS_twt have this week become the first #Kpop artists to reach number one on the US album‚Ä¶ https://t.co/pb9roPNAKU,2018-05-31,42,0.1027,0.103,0.897,0.0
@BBC,"RT @BBCR1: Who's been enjoying @AdeleRoberts' Tune of the Week from @BTS_twt? üòç

Make sure you're listening tomorrow morning to hear her pl‚Ä¶",2018-05-31,43,0.6908,0.222,0.778,0.0
@BBC,"'No one's life should end because of debt.'
A debt counsellor writes: 'No matter how big the problem, there's alway‚Ä¶ https://t.co/DNgWWkaTFN",2018-05-31,44,-0.8176,0.043,0.584,0.374
@BBC,"Will you marry me? üíç 
Will you marry me? üíç

This double marriage proposal video gives us all the feels. https://t.co/xLR4N7qtaZ",2018-05-31,45,0.0,0.0,1.0,0.0
@BBC,"When a hedgehog causes carnage. üòÇü¶î #CarShare @peterkay_co_uk
https://t.co/8gbgEKhFqf",2018-05-31,46,0.0,0.0,1.0,0.0
@BBC,"üòãüçΩ Feast your eyes on fantastic, healthy lunch recipes to keep you fuller for longer.
üëâ https://t.co/qfzdu7Umdp https://t.co/iWjOuhR8dE",2018-05-31,47,0.743,0.296,0.704,0.0
@BBC,"Japanese hunters caught and killed 122 pregnant minke whales as part of its Antarctic summer 'field survey'.
üëâ‚Ä¶ https://t.co/vZxb1v7EGc",2018-05-31,48,-0.6705,0.0,0.8,0.2
@BBC,"RT @BBCR1: ‚ö°Ô∏è ‚ÄúNick Grimshaw and Greg James to swap Radio 1 shows‚Äù

https://t.co/mUcM0Nkrpo",2018-05-31,49,0.0,0.0,1.0,0.0
@BBC,RT @bbcpress: üìª BREAKING: @Grimmers and @GregJames to swap @BBCR1 shows. Greg will be the new host of @R1Breakfast from this Autumn: https:‚Ä¶,2018-05-31,50,0.0,0.0,1.0,0.0
@BBC,"‚ù§Ô∏è David, a chauffeur of over 25 years, discovers a shared love of motors with 4 year old Leo, who's on the autism‚Ä¶ https://t.co/e26favMTTV",2018-05-31,51,0.765,0.258,0.742,0.0
@BBC,üåã The @USGS has responded to a social media query on whether it is safe to roast marshmallows over a volcanic vent.‚Ä¶ https://t.co/yuFNJxj9Mr,2018-05-31,52,0.4404,0.132,0.868,0.0
@BBC,"These cuddling baby hares are the cutest thing you'll see today. üíïüê∞

https://t.co/LgJsY4XuHD",2018-05-30,53,0.5859,0.241,0.759,0.0
@BBC,"Tonight, @DrJavidA and four overweight volunteers put crash diets to the test. 

The Big Crash Diet Experiment | 8p‚Ä¶ https://t.co/CelWcfGMQR",2018-05-30,54,-0.7845,0.0,0.669,0.331
@BBC,"She came, she sang and she conquered! üé∂‚ù§Ô∏èÔ∏èüôå

Catch up with @taylorswift13's INCREDIBLE #BiggestWeekend performance‚Ä¶ https://t.co/zHXlBJu9Tw",2018-05-30,55,0.0,0.0,1.0,0.0
@BBC,"Otter-ly adorable! üòçüêö

This is how otters use tools to get into their favourite foods. #WorldOtterDay 

https://t.co/h6wjQTgukp",2018-05-30,56,0.5411,0.179,0.821,0.0
@BBC,"Meet the Muslims in Iceland who have one of the longest #Ramadan fasts in the world. 

How do they cope without foo‚Ä¶ https://t.co/TVZ7GnKXXW",2018-05-30,57,0.0,0.0,1.0,0.0
@BBC,RT @BBCFOUR: This skyscraper in Venezuela was left abandoned... until 3000 local people moved in. https://t.co/yhil6DQmvm,2018-05-30,58,0.0,0.0,1.0,0.0
@BBC,üò≤ Archaeologists at Pompeii have uncovered the remains of an unfortunate man who was decapitated by an enormous roc‚Ä¶ https://t.co/SocmD769Dw,2018-05-30,59,-0.4588,0.0,0.857,0.143
@BBC,"""Where words fail, music speaks."" ‚ù§Ô∏èÔ∏è üé∂

This is how music can support mental health. üëâ https://t.co/73icGIqxMp https://t.co/OMGSJBUmEs",2018-05-30,60,-0.2023,0.134,0.693,0.173
@BBC,"It's extraordinary to think how controversial drink-driving laws were in the 1960s...

https://t.co/4Vz1FcCA6k",2018-05-30,61,-0.2023,0.0,0.87,0.13
@BBC,"RT @bbcpress: üÜï @MatthewRhys, Jamie Dornan and Ann Skelly to star in Allan Cubitt‚Äôs #DeathAndNightingales for @BBCTwo: https://t.co/uGXBlqT‚Ä¶",2018-05-30,62,0.0,0.0,1.0,0.0
@BBC,"RT @bbcpress: üï∫üíÉ Introducing @jojo_radebe, @LubaMushtuk and Graziano Di Prima. Three new professional dancers join #Strictly's biggest ever‚Ä¶",2018-05-30,63,0.296,0.115,0.885,0.0
@BBC,RT @bbcpress: #TheSplit will return to @BBCOne for a second series in 2019: https://t.co/tenIOifF8N https://t.co/QKzMn9blwo,2018-05-30,64,0.0,0.0,1.0,0.0
@BBC,The realities of period poverty in the UK: These photographs show what some women and girls have to put in their un‚Ä¶ https://t.co/prgB8nqX4l,2018-05-30,65,-0.5106,0.0,0.87,0.13
@BBC,RT @BBCTheOneShow: This dog and ducklings are the best of friends... üê∂üêß‚ù§Ô∏èWatch the full film on our website: https://t.co/vowml25sM0 #Frien‚Ä¶,2018-05-30,66,0.6369,0.181,0.819,0.0
@BBC,"RT @BBCSpringwatch: Time for a #Springwatch challenge! Spot the nest! 

Let us know how many you spotted in the comments üíö https://t.co/pdQ‚Ä¶",2018-05-30,67,0.2225,0.09,0.91,0.0
@BBC,"RT @bbcstories: Important lifeline or annoying label - how do you feel about your #MentalHealth diagnosis?

Watch the full #BBCLikeMinds fi‚Ä¶",2018-05-30,68,-0.2263,0.08,0.8,0.12
@BBC,"RT @BBCOne: Never tell Jeff Goldblum you look like him.
#TheGNShow @TheGNShow https://t.co/xBzd7cDeVl",2018-05-30,69,0.3612,0.172,0.828,0.0
@BBC,RT @bbcwritersroom: Here's the first of our comedy monologues made specially for the #BiggestWeekend This one is called 'Porta-Lols' set in‚Ä¶,2018-05-30,70,0.3612,0.111,0.889,0.0
@BBC,"RT @bbcthree: We‚Äôre launching #DebtWeek to help examine the underlying issues associated with our new factual drama #KilledByMyDebt

In one‚Ä¶",2018-05-30,71,0.4019,0.124,0.876,0.0
@BBC,"RT @bbcthree: ""I wake up on a Monday morning and I have literally no idea how much money I'll make that week."" 

Confessions of a bailiff.‚Ä¶",2018-05-30,72,-0.296,0.0,0.909,0.091
@BBC,RT @bbccomedy: When a hedgehog causes carnage. #CarShare https://t.co/QUTPjviik0,2018-05-30,73,0.0,0.0,1.0,0.0
@BBC,Some of the banana corporations operating in Colombia have questions to answer about their role in what's afflicted‚Ä¶ https://t.co/zgOIjYYQCZ,2018-05-30,74,0.0,0.0,1.0,0.0
@BBC,"üêå‚öîÔ∏èüï∑
Snails, swords and spiders: The odd origins of anatomical terms.
üëâ https://t.co/vWuxv8FQ1L https://t.co/jHyoV7QR9M",2018-05-30,75,-0.3182,0.0,0.839,0.161
@BBC,Meet the Aymara woman who's become hooked on climbing mountains. https://t.co/p7TZik5PIS,2018-05-30,76,0.0,0.0,1.0,0.0
@BBC,"üì∫ @henrylouisgates takes a new look at the history of Africa, from the birth of humankind to the dawn of the 20th c‚Ä¶ https://t.co/jSev8pPUTC",2018-05-29,77,0.0,0.0,1.0,0.0
@BBC,"Follow the stories of primary school children as they prepare to take the 11 plus test. üìù

Grammar Schools: Who Wil‚Ä¶ https://t.co/yeUV6owNDd",2018-05-29,78,0.0,0.0,1.0,0.0
@BBC,üåàüö™ Aberdeen might be called the 'Granite City' but some parts of it are far from grey. https://t.co/3Ik85UScov,2018-05-29,79,0.0772,0.071,0.929,0.0
@BBC,A champion cheese-roller has broken the all-time record for the most cheeses won in Gloucestershire's death-defying‚Ä¶ https://t.co/gcrRm1fAMN,2018-05-29,80,0.6983,0.329,0.542,0.129
@BBC,‚ù§Ô∏èüòÇ Dogs make the best therapists. https://t.co/0pf3tqwhGi,2018-05-29,81,0.6369,0.412,0.588,0.0
@BBC,RT @bbccomedy: All of us.  #NationalBiscuitDay @mermhart https://t.co/OgiAlgSHAX,2018-05-29,82,0.0,0.0,1.0,0.0
@BBC,"RT @BBCR1: We'd never cut you off, @brendonurie üòç

@PanicAtTheDisco's cover of @DUALIPA's 'IDGAF' just made our Tuesday 500% better. Waitin‚Ä¶",2018-05-29,83,0.5739,0.208,0.792,0.0
@BBC,"RT @bbcmusic: Niall üòç 

@NiallOfficial #BiggestWeekend https://t.co/RHPv20hnis",2018-05-29,84,0.0,0.0,1.0,0.0
@BBC,"Large numbers of endangered whale sharks have been sighted in waters off Madagascar.
üëâ https://t.co/9Nhtm8JTNe https://t.co/zmsBR9FFNK",2018-05-29,85,0.0,0.0,1.0,0.0
@BBC,"RT @BBCR1: Wow! What an incredible weekend! üéâ
Don't know about you, but we're about ready to do that all over again!
What was your fave mom‚Ä¶",2018-05-29,86,0.8854,0.311,0.689,0.0
@BBC,RT @BBCSpringwatch: Foxes roam our cities and towns under the cover of darkness - and Kyle Moore is there to capture their adventures. ü¶ä üíö‚Ä¶,2018-05-29,87,0.1027,0.094,0.827,0.079
@BBC,"RT @bbcpress: #OurGirl returns to @BBCOne on 5 June, read interviews with @MichKeegan, @BenAldridge07, new boy @Olly_Rix and creator @TonyG‚Ä¶",2018-05-29,88,0.0,0.0,1.0,0.0
@BBC,"ü•ïü•íü•îü•îüçèüçåüçäüçûüçó
5 tips to keep food fresh beyond the 'best before' date. https://t.co/v9GYF3nLdX",2018-05-29,89,0.7579,0.394,0.606,0.0
@BBC,"üìö Seven novels by women that deserve your attention.
üëâ https://t.co/5wlh0Qwv9h https://t.co/3G4faizN1w",2018-05-29,90,0.0,0.0,1.0,0.0
@BBC,"Everybody loves a ginger biscuit! 

If you fancy baking your own this #NationalBiscuitDay, @BBCFood has recipes fro‚Ä¶ https://t.co/UcYnK50VyN",2018-05-29,91,0.6114,0.2,0.8,0.0
@BBC,üåèüí´ Here's 13.8 billion years of history in four minutes. https://t.co/EBGmVry69j,2018-05-29,92,0.0,0.0,1.0,0.0
@BBC,"üç¥ Many of us consciously eat a high-protein diet, but how much of it do we really need?
üëâ https://t.co/cC8AEHoczZ https://t.co/linptZaqhI",2018-05-29,93,0.0,0.0,1.0,0.0
@BBC,"üéßüê† These are the secret sounds of fish.
@aluciaprod #OurBluePlanet https://t.co/zmCZTDF2M5",2018-05-29,94,0.0,0.0,1.0,0.0
@BBC,"When Lear divides his kingdom, chaos descends on family and state. @anthonyhopkins and Emma Thompson star in‚Ä¶ https://t.co/9ioqehDeZP",2018-05-28,95,-0.5719,0.0,0.821,0.179
@BBC,"When 'Akram' was a child, his family went to a preacher for blessings. Instead, he was sexually abused. 

This is h‚Ä¶ https://t.co/YDt1DN5cBq",2018-05-28,96,0.0516,0.141,0.726,0.133
@BBC,"üê∏üê£üêû @BBCSpringwatch is back! 

Tonight, @ChrisGPackham and @michaelastrachan are joined by @SteveBackshall in the C‚Ä¶ https://t.co/bMOQjVucsg",2018-05-28,97,0.0,0.0,1.0,0.0
@BBC,"Who needs exam revision when you have brownies?

#Procrastibaking is the new way to avoid all that stuff you need t‚Ä¶ https://t.co/494kLLniXW",2018-05-28,98,-0.296,0.0,0.905,0.095
@BBC,RT @BBCRadMac: #NP on @BBC6Music - highlights from @underworldlive's incredible live set at @bbcmusic's #BiggestWeekend in Belfast. Watch i‚Ä¶,2018-05-28,99,0.0,0.0,1.0,0.0
@CBS,"Call us old-fashioned, but we donut want you missing out on #NationalDonutDay! Here are a few treats from us to you‚Ä¶ https://t.co/HpzN8bQ3SO",2018-06-01,0,-0.3903,0.062,0.807,0.131
@CBS,Remember @Lin_Manuel‚Äôs beautiful sonnet from the 70th Annual Tony Awards¬Æ? Relive some of the greatest moments in‚Ä¶ https://t.co/IZjeQLd58C,2018-06-01,1,0.8442,0.336,0.664,0.0
@CBS,"Good friends @joshgroban and @SaraBareilles are hosting the #TonyAwards together? Well, this is bound to be fun! https://t.co/26Vgzp0s2e",2018-05-31,2,0.8932,0.455,0.545,0.0
@CBS,"The #TonyAwards just got even better because @UzoAduba, @MattBomer, and more stars will be presenting live! Find ou‚Ä¶ https://t.co/hfFBtWo1T9",2018-05-30,3,0.4926,0.151,0.849,0.0
@CBS,"Mark your calendars. @SalvationCBS returns Monday, June 25 at 9/8c! ‚òÑÔ∏è https://t.co/N9pYuhYLRF",2018-05-28,4,0.0,0.0,1.0,0.0
@CBS,RT @thegoodfight: All episodes of season 2 are now available. Stream #TheGoodFight on CBS All Access: https://t.co/k3tn8kR9KC https://t.co/‚Ä¶,2018-05-28,5,0.0,0.0,1.0,0.0
@CBS,Get the popcorn ready! üçø  It's going to be an unforgettable @survivorcbs finale. Make sure to tune in TONIGHT at 8/‚Ä¶ https://t.co/vp0JyqfXMQ,2018-05-23,6,0.6239,0.211,0.789,0.0
@CBS,"RT @StrangeAngel: Every brilliant mind has a dark side. #StrangeAngel launches June 14, only on CBS All Access. https://t.co/y0MZg1BzEB htt‚Ä¶",2018-05-23,7,0.5859,0.174,0.826,0.0
@CBS,Prepare yourself. The @NCIS_CBS season finale is unlike any other. Don't miss it TONIGHT at 8/7c. https://t.co/MOH6uiFc0C,2018-05-22,8,0.1139,0.083,0.917,0.0
@CBS,"Summer heats up with @CBSBigBrother, @SalvationCBS, and the brand-new competition series @TKOCBS. Find out when you‚Ä¶ https://t.co/DxE7OnKs17",2018-05-22,9,0.0,0.0,1.0,0.0
@CBS,Who‚Äôs going to be watching the season finale of @ManWithAPlan tonight? RT if you'll be tuning in at 8:30/7:30c! https://t.co/ARLRtVuGuc,2018-05-21,10,0.0,0.0,1.0,0.0
@CBS,The season finale of @MadamSecretary will leave you speechless! Make sure to tune in tonight at 10/9c. https://t.co/hqxkLZsWpl,2018-05-20,11,0.3382,0.131,0.808,0.061
@CBS,The @NCISLA season finale is going to be a wild ride. Don't miss all of the action starting TONIGHT at 8/7c! https://t.co/PNtUuVf9VQ,2018-05-20,12,0.1867,0.08,0.92,0.0
@CBS,Retweet if you're ready for the #RoyalWedding! https://t.co/k57NM7OrXn,2018-05-19,13,0.4199,0.285,0.715,0.0
@CBS,It's going down (literally) on the Season Finale of @HawaiiFive0CBS when a submarine appears off the coast of Waiki‚Ä¶ https://t.co/oD7Le5XUz6,2018-05-18,14,0.0,0.0,1.0,0.0
@CBS,"The #RoyalWedding is finally here, and you're invited! Join @CBSThisMorning‚Äôs @GayleKing and @etnow‚Äôs @KevinFrazier‚Ä¶ https://t.co/Q5xiRkXLUz",2018-05-18,15,0.3595,0.151,0.849,0.0
@CBS,When the @LifeInPiecesCBS season finale is back-to-back episodes. üëè Get ready for double the laughs at 9/8c! https://t.co/SYW5UzXobv,2018-05-17,16,0.7177,0.285,0.715,0.0
@CBS,Rules were made to be broken.üí• Don't miss the heart-pounding season finale of @swatcbs TONIGHT at 10/9c! https://t.co/NXLbeIrvcp,2018-05-17,17,0.1867,0.093,0.907,0.0
@CBS,"Is it fall yet? Check out the first looks at our new fall shows and stars from the CBS Upfront!

https://t.co/l7GQVRzRFw",2018-05-17,18,0.0,0.0,1.0,0.0
@CBS,How many shows can you binge in a month? Find out with a 1 month free trial of CBS All Access! Use code STREAMITALL‚Ä¶ https://t.co/yccQppCaxC,2018-05-17,19,0.5562,0.146,0.854,0.0
@CBS,"Save the dates! The CBS Fall lineup is here, and we're welcoming six new shows in addition to returning hits. Which‚Ä¶ https://t.co/f9PSQfpHL7",2018-05-17,20,0.75,0.242,0.758,0.0
@CBS,What happens when the friendliest guy in the Midwest moves his family next door to a not-so-friendly new LA neighbo‚Ä¶ https://t.co/KtEoNE3deL,2018-05-16,21,0.5574,0.159,0.841,0.0
@CBS,"When @MurphyBrownCBS returns to the news world, things sure won't be what they used to be! The revival of the groun‚Ä¶ https://t.co/jJcgyqyDxL",2018-05-16,22,0.3802,0.11,0.89,0.0
@CBS,"When decorated former Navy SEAL Thomas Magnum returns home to Hawaii, he embarks on a new mission: solving cases in‚Ä¶ https://t.co/6n2MWY3c2f",2018-05-16,23,0.34,0.112,0.888,0.0
@CBS,The ordinary turns extraordinary for this suburban couple when an exuberant young pop star unexpectedly moves in wi‚Ä¶ https://t.co/9xaAUSm5nm,2018-05-16,24,0.5859,0.174,0.826,0.0
@CBS,An outspoken atheist's life takes a surprising turn when he accepts a social media friend request from God! Watch w‚Ä¶ https://t.co/EbVbL0SNDk,2018-05-16,25,0.8398,0.4,0.6,0.0
@CBS,"When danger threatens the nation, these elite agents risk their lives to keep it safe. Join them on the case when n‚Ä¶ https://t.co/LuSY0jXBf9",2018-05-16,26,-0.4588,0.163,0.577,0.26
@CBS,Meet the new shows coming to CBS this fall!,2018-05-16,27,0.0,0.0,1.0,0.0
@CBS,So much TV to love! ‚ù§Ô∏è Be sure to follow the shows of the CBS 2018-2019 primetime lineup and stay up-to-date on the‚Ä¶ https://t.co/lQwGtznj5i,2018-05-16,28,0.7777,0.236,0.764,0.0
@CBS,"Every mission leaves its mark. Join us in the final mission to avenge Echo Team's deaths, tonight at 9/8c during th‚Ä¶ https://t.co/SlfprTVDgD",2018-05-16,29,0.296,0.095,0.905,0.0
@CBS,"Get ready for three new comedies, five new dramas and the return of the critically acclaimed @MurphyBrownCBS. Here'‚Ä¶ https://t.co/alHwUTRFKh",2018-05-16,30,0.6369,0.234,0.766,0.0
@CBS,"RT @happytogether: When an international pop star moves into your house, life gets a little more interesting! @wayansjr, @AmberoniStevens a‚Ä¶",2018-05-16,31,0.46,0.143,0.857,0.0
@CBS,"RT @TheNeighborhood: You can‚Äôt pick your neighbors, but Calvin sure wishes he could! @CedEntertainer stars in the new comedy #TheNeighborho‚Ä¶",2018-05-16,32,0.8122,0.33,0.67,0.0
@CBS,Tonight's the night - Agent Dwayne Pride's fate will be revealed. Don't miss the special two-hour season finale of‚Ä¶ https://t.co/52amkSiNcA,2018-05-15,33,-0.2057,0.07,0.821,0.109
@CBS,"Donuts down, hands up! Get ready for a dramatic turn on the finale of @SuperiorDonuts TONIGHT at 9/8c. üç©https://t.co/f5VSqOlRYu",2018-05-14,34,0.4199,0.141,0.859,0.0
@CBS,"RT @MagnumPICBS: Thomas Magnum is back on the case! @jay_hernandez stars in #MagnumPI, coming to #CBS. https://t.co/R1aURqMawD",2018-05-14,35,0.0,0.0,1.0,0.0
@CBS,"RT @GodFriendedMe: You never know who's going to send you a friend request. #GodFriendedMe, the new drama series starring @hall_m_brandon a‚Ä¶",2018-05-14,36,0.4939,0.144,0.856,0.0
@CBS,RT @TheRedLineCBS: Three Chicago families‚Äô lives converge in the wake of a mistaken shooting. From acclaimed producers @ava and @GBerlanti‚Ä¶,2018-05-14,37,-0.3612,0.0,0.878,0.122
@CBS,"RT @FamCBS: No family is perfect, especially this #FAM! @ninadobrev, @toneBell and @odessaadlon star in the new #CBS comedy #FAM. https://t‚Ä¶",2018-05-14,38,0.6476,0.243,0.674,0.082
@CBS,"RT @TheCodeCBS: Their code is honor, courage and commitment. They pursue military justice at home and abroad. #TheCode coming to #CBS. http‚Ä¶",2018-05-14,39,0.9081,0.408,0.592,0.0
@CBS,RT @FBICBS: Meet the FBI agents who are investigating the most dangerous cases threatening our nation. From Emmy Winner Dick Wolf and the t‚Ä¶,2018-05-14,40,-0.762,0.111,0.586,0.303
@CBS,RT @MurphyBrownCBS: The ground-breaking comedy returns. #MurphyBrown coming to #CBS. https://t.co/di8GXoVPjh,2018-05-14,41,0.3612,0.2,0.8,0.0
@CBS,RT @StrangeAngel: Play with fire. üî• #StrangeAngel launches June 14 on #CBSAllAccess. https://t.co/xiFSkVz1vB https://t.co/Aw3kGeHyj4,2018-05-14,42,0.0,0.152,0.696,0.152
@CBS,"Happy #MothersDay to the moms who comfort us, understand us, and keep us centered. We ‚ù§Ô∏è you. https://t.co/4YDmZrTGIC",2018-05-13,43,0.7351,0.279,0.721,0.0
@CBS,The more the merrier! CBS has ordered five more shows that just might become your new favorites next season:‚Ä¶ https://t.co/2g5OSj2xPu,2018-05-11,44,0.7245,0.252,0.748,0.0
@CBS,Thinking about the @BlueBloods_CBS season finale like‚Ä¶ Don‚Äôt miss the surprising reveal TONIGHT at 10/9c. https://t.co/8ExkPFpnFj,2018-05-11,45,0.128,0.119,0.791,0.09
@CBS,"Double the @MomCBS, double the fun! Anyone else feel like they hit the jackpot with the back-to-back Season Finale‚Ä¶ https://t.co/ebq8WJLKGf",2018-05-10,46,0.7263,0.253,0.747,0.0
@CBS,"2 suitors, 1 Meemaw and 1 Sheldon. You won‚Äôt want to miss the season finale of @YoungSheldon tonight at 8:30/7:30c. https://t.co/Hht2yRE7ly",2018-05-10,47,-0.0772,0.069,0.847,0.085
@CBS,Broadway's Biggest Night is around the corner! Who are you hoping to see? #TonyAwards2018 ‚ú® https://t.co/KLT8QCxWcK,2018-05-10,48,0.4753,0.181,0.819,0.0
@CBS,"The big day is finally here, and you‚Äôre invited. üë∞ Make sure to tune in to the @bigbangtheory‚Äôs star-studded #ShAmy‚Ä¶ https://t.co/la9E6tvQ5b",2018-05-10,49,0.3182,0.108,0.892,0.0
@CBS,"Before the #ShAmy wedding tomorrow, the @bigbangtheory stars &amp; special guests play a game of ""yay or nay"" with thes‚Ä¶ https://t.co/ZpCM16qOyT",2018-05-09,50,0.8176,0.333,0.667,0.0
@CBS,Get ready for more laughs! Learn more about the two new comedies coming to CBS: https://t.co/cpT3fd2RH5 https://t.co/NGrcp803zW,2018-05-09,51,0.8395,0.391,0.609,0.0
@CBS,"Goodbyes are never easy.  After 15 seasons, don‚Äôt miss Abby‚Äôs final episode of @NCIS_CBS tonight at 8/7c.  https://t.co/GTGj2YRJA1",2018-05-08,52,-0.4599,0.0,0.8,0.2
@CBS,Will you be watching the @BullCBS Season 2 Finale tonight at 9/8c? RT if your answer is yes! https://t.co/OxnyEDVsKj,2018-05-08,53,0.4574,0.15,0.85,0.0
@CBS,RT @thegoodfight: Listening to #QueenBaranski read fan tweets is like poetry. üòç Warning: this video will give you ALL the feels. ‚ò∫Ô∏è‚ù§Ô∏è #TheG‚Ä¶,2018-05-08,54,0.34,0.183,0.725,0.092
@CBS,"RT @KevinCanWaitCBS: Season 2 of #KevinCanWait comes to a close tonight, and @KevinJames and @LeahRemini have A LOT to say about it. https:‚Ä¶",2018-05-07,55,0.0,0.0,1.0,0.0
@CBS,Spend your Friday night with this dynamic duo! Tune in to the season finale of @MacGyverCBS at 8/7c on CBS and CBS‚Ä¶ https://t.co/AfWUVo4GSu,2018-05-04,56,0.5093,0.13,0.87,0.0
@CBS,RT @undercover_cbs: Get ready for the series premiere of #CelebrityBoss in just seven days! How would you react if your favorite celebrity‚Ä¶,2018-05-04,57,0.6996,0.225,0.775,0.0
@CBS,The force is strong on the set of @bigbangtheory! #MayThe4thBeWithYou https://t.co/uYyXKtuVCM,2018-05-04,58,0.5562,0.264,0.736,0.0
@CBS,RT @thegoodfight: The fight's not over yet. #TheGoodFight is renewed for Season 3. https://t.co/gUrDeA5KQP,2018-05-02,59,0.0,0.0,1.0,0.0
@CBS,RT @TKOCBS: Both @hwventure and @janemun have been named Executive Producers and showrunners of #TKO: TOTAL KNOCK OUT! Learn more about the‚Ä¶,2018-05-01,60,0.0,0.0,1.0,0.0
@CBS,"RT @StrangeAngel: Sex. Magick. Rocket Science. #StrangeAngel launches June 14, only on CBS All Access. https://t.co/I3sqWMASxl https://t.co‚Ä¶",2018-05-01,61,0.0,0.0,1.0,0.0
@CBS,"Broadway's Biggest Night will honor the best in theatre on Sunday, June 10! Here are the nominees for the‚Ä¶ https://t.co/tCiNaLGIvq",2018-05-01,62,0.8268,0.299,0.701,0.0
@CBS,We congratulate all of our CBS #DaytimeEmmy Award winners! Check out the stars who joined @TheTalkCBS hosts to cele‚Ä¶ https://t.co/JfUFINmYGH,2018-04-30,63,0.8777,0.373,0.627,0.0
@CBS,RT @KevinJames: Getting the band back together @AdamSandler @chrisrock @MikeDelguidice1 @KevinCanWaitCBS #KevinCanWait https://t.co/Mo5EWck‚Ä¶,2018-04-30,64,0.0,0.0,1.0,0.0
@CBS,See all of the stunning fashion looks from the @CBSDaytime stars on the #DaytimeEmmys red carpet:‚Ä¶ https://t.co/iJN1ssGPvZ,2018-04-30,65,0.3818,0.14,0.86,0.0
@CBS,The 45th annual #DaytimeEmmys are here! Congratulations to all of the wonderful @CBSDaytime stars and shows nominat‚Ä¶ https://t.co/xZhDSYnxL6,2018-04-29,66,0.8356,0.33,0.67,0.0
@CBS,These stars are going undercover for #CelebrityBoss! Find out more about Celebrity @undercover_cbs premiering May 1‚Ä¶ https://t.co/Deyn76ADT9,2018-04-26,67,0.0,0.0,1.0,0.0
@CBS,"New courage. New hope. New season. 

Season 3 of @CodeBlackCBS premieres TONIGHT at 10/9c on CBS! https://t.co/rR8xUCKlzI",2018-04-25,68,0.75,0.313,0.687,0.0
@CBS,Celebrate #DNADay by letting your forensic flag fly and revisit some classic episodes of @CSI_CBS on CBS All Access‚Ä¶ https://t.co/YCbHDK2r4b,2018-04-25,69,0.5719,0.163,0.837,0.0
@CBS,"Get ready for big reveals, dramatic conclusions, and huge guest stars! Find out more about the 2017-2018 season fin‚Ä¶ https://t.co/xcBChnjEvH",2018-04-25,70,0.6239,0.221,0.779,0.0
@CBS,Who‚Äôs ready to see these moves? üï∫ Tune in to the @latelateshow‚Äôs Carpool Karaoke Primetime Special TONIGHT at 10/9c! https://t.co/gjrURqXaPN,2018-04-23,71,0.6696,0.244,0.756,0.0
@CBS,"The 53rd #ACMawards turned into one big party when @KeithUrban and @juliamichaels performed their upbeat single ""Co‚Ä¶ https://t.co/Q3Zj3EzuNs",2018-04-22,72,0.4019,0.137,0.863,0.0
@CBS,A blind date was all it took. Learn more about Meghan Markle and her road to royalty from the people who know her b‚Ä¶ https://t.co/fEAMUblPQ4,2018-04-20,73,-0.4019,0.0,0.895,0.105
@CBS,RT @carrieunderwood: ICYMI! Watch Carrie‚Äôs performance of #CryPretty from the #ACMawards below! -TeamCU https://t.co/T9I3ko2xFu,2018-04-20,74,0.0,0.0,1.0,0.0
@CBS,There's a new addition to the cast of the upcoming revival of Murphy Brown!  Learn more about Tyne Daly's character‚Ä¶ https://t.co/ijSXSLyDaR,2018-04-19,75,0.0,0.0,1.0,0.0
@CBS,"Country superstar @LukeBryanOnline delivers his moving anthem ""Most People Are Good"" at the 53rd #ACMawards:‚Ä¶ https://t.co/GhhAsEDqmq",2018-04-19,76,0.4877,0.174,0.826,0.0
@CBS,"Coming to CBS All Access June 14, #StrangeAngel is inspired by the real life story of Jack Parsons and explores the‚Ä¶ https://t.co/IsPrXRNXye",2018-04-19,77,0.4939,0.132,0.868,0.0
@CBS,When you realize there are TWO episodes of @CrimMinds_CBS tonight! üëè Who‚Äôs ready for the double-episode season fina‚Ä¶ https://t.co/CWVAHHeIGr,2018-04-18,78,0.4199,0.141,0.859,0.0
@CBS,Giving you even more reasons to celebrate! üéâ See which CBS series are back for another year: https://t.co/O2LI0eJXTA https://t.co/H436kL1jSK,2018-04-18,79,0.7688,0.294,0.706,0.0
@CBS,"Watch country star @blakeshelton belt out his beautiful ballad ""I Lived It"" at the 53rd #AMCawards:‚Ä¶ https://t.co/w0WRmpQ6fk",2018-04-18,80,0.5994,0.196,0.804,0.0
@CBS,RT @joshgroban: I AM SO HAPPY I COULD CRY BUT ITS MIDNIGHT IN JAPAN SO I WILL SLEEP BUT ‚ÄºÔ∏è‚ÄºÔ∏è‚ÄºÔ∏è‚ÄºÔ∏èüë´üèÜüé≠üò≠üîú #TonyAwards2018 https://t.co/NLss47K6‚Ä¶,2018-04-18,81,0.0903,0.14,0.736,0.125
@CBS,Broadway stars @SaraBareilles and @joshgroban will host @TheTonyAwards on June 10! Hear how these multi-talented ar‚Ä¶ https://t.co/jy52FKd7t0,2018-04-18,82,0.0,0.0,1.0,0.0
@CBS,Can you believe it‚Äôs been 11 years since @taylorswift13‚Äôs first-ever performance at the #ACMawards?! Look back at t‚Ä¶ https://t.co/QHSPuJLLFb,2018-04-17,83,0.0,0.0,1.0,0.0
@CBS,Waiting for the @ScorpionCBS season finale to start like‚Ä¶ Tune in at 10/9c! https://t.co/peoDXtO707,2018-04-16,84,0.0,0.0,1.0,0.0
@CBS,Cast your vote! #ACMawards https://t.co/57ZN5gr6Y1,2018-04-16,85,0.0,0.0,1.0,0.0
@CBS,RT @CBSTweet: #CBSRatingsNews: #ACMawards Dominate on #CBS.  Over 12 million Total Viewers.  +11% year to year increase!  Biggest audience‚Ä¶,2018-04-16,86,0.2714,0.123,0.806,0.071
@CBS,"In case you missed it, watch the entire #ACMawards now: https://t.co/P3pgMJE2oh https://t.co/OOG2R0Mb4J",2018-04-16,87,-0.296,0.0,0.833,0.167
@CBS,Relive a night of all-star country music performances and epic wins at the #ACMawards. Stream the entire show:‚Ä¶ https://t.co/iA3SMVIhpA,2018-04-16,88,0.5719,0.179,0.821,0.0
@CBS,Multiple ACM Award Winners @KeithUrban and @carrieunderwood just added one more trophy to their collection with the‚Ä¶ https://t.co/rMGCzOeJQK,2018-04-16,89,0.765,0.292,0.708,0.0
@CBS,That's a wrap for the 53rd #ACMawards! üé¨ https://t.co/jM0HKud3d6,2018-04-16,90,0.0,0.0,1.0,0.0
@CBS,"To all of tonight's nominees, we tip our hats to you! ü§† #ACMawards https://t.co/eytEezfIgS",2018-04-16,91,0.0,0.0,1.0,0.0
@CBS,Retweet if you think @carrieunderwood looks beautiful tonight! #ACMawards https://t.co/sqefiLBcXd,2018-04-16,92,0.636,0.318,0.682,0.0
@CBS,"In case you missed any, here's a rundown of all the performers from Country Music's Party of the Year¬Æ:‚Ä¶ https://t.co/KtRKXkUpmI",2018-04-16,93,0.128,0.123,0.776,0.1
@CBS,The #ACMawards crowd was roaring for Vocal Event Of The Year winners @KeithUrban and @carrieunderwood! Here is the‚Ä¶ https://t.co/rFB5f2lVo7,2018-04-16,94,0.5255,0.159,0.841,0.0
@CBS,RT @AmberLee_RN: Anyone else crying from that @Jason_Aldean acceptance speech?! Wow! Congrats Jason! #vegasstrong #ACMawards,2018-04-16,95,0.8392,0.44,0.437,0.123
@CBS,"Put your hands up for Entertainer of the Year, @Jason_Aldean! üôå #ACMawards https://t.co/QLFrrsyU8R",2018-04-16,96,0.4389,0.208,0.792,0.0
@CBS,RT @min_d24: Love how @LukeBryanOnline was straight fan girling on @reba and @kelly_clarkson tonight on the #ACMawards! Y'all #killedit,2018-04-16,97,0.8268,0.352,0.648,0.0
@CBS,"Was that ""A-sharp"" performance by @reba and @kelly_clarkson or what!? üéº #ACMawards https://t.co/19pDyrELqC",2018-04-16,98,0.0,0.0,1.0,0.0
@CBS,The news keeps getting better and better. @ChrisStapleton deserves a standing ovation tonight! He wins again for Ma‚Ä¶ https://t.co/6m7nZFwPyK,2018-04-16,99,0.8687,0.395,0.605,0.0
@CNN,Proceeds from economist's Nobel medal donated to non-profit https://t.co/kX9n19xQSv https://t.co/EFoIzSC9LV,2018-06-03,0,0.4767,0.256,0.744,0.0
@CNN,Republican Sen. John McCain says he supports effort to force immigration bill to House floor https://t.co/16TqOGGc9Y https://t.co/9tRcu1XvXe,2018-06-03,1,0.3612,0.135,0.865,0.0
@CNN,"The largest wildfire in California's modern history is finally out, more than 6 months after it started‚Ä¶ https://t.co/ghBrwkNqi1",2018-06-03,2,0.0,0.0,1.0,0.0
@CNN,"A dog being flown by Delta Air Lines from Phoenix to Newark, New Jersey, died during a layover in Detroit, the airl‚Ä¶ https://t.co/CIZZl7NzWT",2018-06-03,3,-0.5574,0.0,0.847,0.153
@CNN,Why startup visas are good for America https://t.co/jlC9GmqkEK (via @CNNOpinion) https://t.co/leqIYx9wu2,2018-06-03,4,0.4404,0.225,0.775,0.0
@CNN,"Four killings, including one of prominent psychologist, in Arizona are likely connected, police say‚Ä¶ https://t.co/bN8Wy37Uzp",2018-06-03,5,-0.4939,0.116,0.657,0.227
@CNN,Virginia GOP chooses replacement for 5th district nominee https://t.co/aidAnQaUJT https://t.co/40fjghIVmj,2018-06-03,6,0.0,0.0,1.0,0.0
@CNN,"Valerie Jarrett, former top aide to President Obama, makes an appeal to get out the vote in 2018, saying ""it's time‚Ä¶ https://t.co/kOuEcwmX9X",2018-06-03,7,0.2023,0.079,0.921,0.0
@CNN,"""The Big Bang Theory"" star Jim Parsons tells @VanJones68 he thought about Roseanne Barr's racist tweet ""on an emoti‚Ä¶ https://t.co/DZ5mZaqIkP",2018-06-02,8,-0.6124,0.0,0.826,0.174
@CNN,Kenyan President orders top officials to take lie-detector tests in corruption crackdown https://t.co/jaKPXboTt1 https://t.co/q5lY5cX0jq,2018-06-02,9,0.2023,0.122,0.878,0.0
@CNN,An attorney representing three women in cases against a doctor known for singing and dancing while performing surge‚Ä¶ https://t.co/Dog9UV2r2w,2018-06-02,10,0.0,0.0,1.0,0.0
@CNN,"""The crew, the people you don't see, the people you don't know ‚Äî there are so many people employed..."" Actor Jim Pa‚Ä¶ https://t.co/hlRURomCmj",2018-06-02,11,0.0,0.0,1.0,0.0
@CNN,Five Star Movement supporters rally in Rome to celebrate new government https://t.co/TG0G0PfQ8Q https://t.co/khOs2BwJFL,2018-06-02,12,0.765,0.375,0.625,0.0
@CNN,"The 30-year-old man who was still living with his parents says that he finally moved out, 10 days after a judge ord‚Ä¶ https://t.co/SJnu3AdCmf",2018-06-02,13,0.0,0.0,1.0,0.0
@CNN,"""The Big Bang Theory"" star Jim Parsons talks about the fallout surrounding comedian Roseanne Barr's racist tweet, w‚Ä¶ https://t.co/V2jEahrqYU",2018-06-02,14,-0.34,0.11,0.72,0.169
@CNN,Six major allies blast US over tariffs https://t.co/spgQbkUKR7 https://t.co/XqBSYXUalE,2018-06-02,15,0.0,0.0,1.0,0.0
@CNN,This is what it's like to surf near the Korean Demilitarized Zone https://t.co/8yu12Jk0Uv https://t.co/M3PaYFs75Q,2018-06-02,16,0.3612,0.161,0.839,0.0
@CNN,"Two climbers fell to their deaths Saturday at Yosemite National Park in California, a park spokeswoman said‚Ä¶ https://t.co/jaQW500EV1",2018-06-02,17,0.0,0.0,1.0,0.0
@CNN,This 8-year-old Georgia boy was with his mom when he saw an elderly woman struggling to climb the stairs with her w‚Ä¶ https://t.co/C2z0TDF8zu,2018-06-02,18,-0.4215,0.0,0.887,0.113
@CNN,Fifth federal judge rules HHS unlawfully ended teen pregnancy prevention grant funding https://t.co/FbAHxbgMmb https://t.co/p7iUsaxqQ6,2018-06-02,19,0.3612,0.161,0.839,0.0
@CNN,Serena Williams to face Maria Sharapova at French Open https://t.co/sVQ0mY8OZ0 https://t.co/hQAbDfu8Lb,2018-06-02,20,0.0,0.0,1.0,0.0
@CNN,What aluminum and steel tariffs will mean to you https://t.co/nyv92aLySO https://t.co/rSFOTHUraK,2018-06-02,21,0.0,0.0,1.0,0.0
@CNN,"Outgoing Missouri Gov. Eric Greitens, accused of revenge porn, signs law criminalizing it https://t.co/VtbQzEt6vW https://t.co/yMKjrU1vg5",2018-06-02,22,-0.5267,0.111,0.606,0.283
@CNN,US customs seizes Ohio family's life savings at airport https://t.co/rI48TGrwvr https://t.co/6VarTheMrf,2018-06-02,23,0.0,0.0,1.0,0.0
@CNN,"White House plans to nominate conservative documentarian, Bannon ally, to lead government media agency‚Ä¶ https://t.co/dfPoET7g4V",2018-06-02,24,0.0,0.0,1.0,0.0
@CNN,"Trump lawyers sent special counsel Robert Mueller a letter arguing the President can't obstruct the Russia probe, T‚Ä¶ https://t.co/AIJ08wJPcy",2018-06-02,25,-0.0772,0.124,0.737,0.138
@CNN,"Online dating lowers self-esteem and increases depression, studies say https://t.co/FGcjd3wJKB https://t.co/7oWg532YQf",2018-06-02,26,-0.6369,0.0,0.634,0.366
@CNN,"From calling rape ""bad sex"" to Roseanne's vitriol, this was a jaw-dropping week https://t.co/xE4VsALIqN https://t.co/GpSzg84sjo",2018-06-02,27,-0.8481,0.0,0.594,0.406
@CNN,Koch brothers group thanks Democratic senator facing tough reelection https://t.co/cR1fR1BHTP https://t.co/0prMJHsnt6,2018-06-02,28,0.34,0.216,0.672,0.112
@CNN,"MSNBC's Joy Reid takes to the air, does not address newest round of controversy https://t.co/C5g8bKxkpH https://t.co/fDQKPYiLkg",2018-06-02,29,0.5859,0.202,0.798,0.0
@CNN,DNA that led to Golden State Killer suspect's arrest was collected from his car while he shopped‚Ä¶ https://t.co/98j66PA6z4,2018-06-02,30,-0.7717,0.0,0.705,0.295
@CNN,"""How and why? That was really my only reaction to it."" ""The Big Bang Theory"" star Jim Parsons says he couldn't imag‚Ä¶ https://t.co/ghVYFRan5R",2018-06-02,31,0.0,0.0,1.0,0.0
@CNN,The alternative World Cup for stateless people and unrecognized nations https://t.co/sfnTC8VDly https://t.co/PsQMco4qQL,2018-06-02,32,0.0,0.0,1.0,0.0
@CNN,"US determining who will pay for North Korea leader's hotel room, The Washington Post reports https://t.co/YktYA3K4Ee https://t.co/YYiHkMevJr",2018-06-02,33,-0.1027,0.0,0.92,0.08
@CNN,"Puerto Rico deaths spiked after Hurricane Maria, new government data show https://t.co/B3HQtUWR8k https://t.co/yz3FoNOg7f",2018-06-02,34,0.0,0.0,1.0,0.0
@CNN,"Thousands of acres ablaze in Colorado, New Mexico https://t.co/Vd6n0knluJ https://t.co/e6usADMgXz",2018-06-02,35,0.0,0.0,1.0,0.0
@CNN,"The world shouldn't question North Korean leader Kim Jong Un's motives, says South Korean defense minister‚Ä¶ https://t.co/g1lbpKkDP1",2018-06-02,36,0.128,0.086,0.914,0.0
@CNN,Pentagon recorded attorney calls with American ISIS suspect https://t.co/bHRmXYN40M https://t.co/gVv5hg9UjX,2018-06-02,37,-0.296,0.0,0.804,0.196
@CNN,What it's like on the ground in Puerto Rico https://t.co/1Z28vqPeVR https://t.co/DVx6zYbhyg,2018-06-02,38,0.3612,0.2,0.8,0.0
@CNN,Here's what you missed during a busy news week https://t.co/dtdjxIrOG1 https://t.co/IDw8JtwGnb,2018-06-02,39,-0.296,0.0,0.804,0.196
@CNN,"Here's a weekly roundup of the news, notes and chatter about the prospects for the next Democratic presidential rac‚Ä¶ https://t.co/BOYIJ9Vy2y",2018-06-02,40,0.296,0.109,0.891,0.0
@CNN,"Republicans, Democrats see Asian-Americans as key to victory in Southern California https://t.co/E63SGsrhzr https://t.co/BfJMst5cyz",2018-06-02,41,0.0,0.0,1.0,0.0
@CNN,RT @CNNnewsroom: Comedian @spikeferesten to @smerconish on Samantha Bee Joke: ‚ÄúFor me the joke landed and you hear the audience laugh‚Ä¶ its‚Ä¶,2018-06-02,42,0.7184,0.269,0.731,0.0
@CNN,Craft brewers descend on Washington ‚Äî just in time for tariffs https://t.co/buytzMRBgd https://t.co/r0ovNLPmgt,2018-06-02,43,0.0,0.0,1.0,0.0
@CNN,"America should be more at ease than this, writes Stephen Collinson https://t.co/65JwVLvVvk https://t.co/Qbfq2uB6Nf",2018-06-02,44,0.4173,0.188,0.812,0.0
@CNN,These are the videos you don't want to miss this week https://t.co/2zkqUvINV2 https://t.co/jNuZliZfKl,2018-06-02,45,0.0572,0.106,0.805,0.089
@CNN,"The US wanted this border wall mural taken down. Instead, a group of veterans repainted it. https://t.co/1gYDSUmztY https://t.co/PIY2YACyFE",2018-06-02,46,0.0,0.0,1.0,0.0
@CNN,Parkland seniors prepare for a bittersweet graduation without 4 of their classmates https://t.co/jJJPo40xb6 https://t.co/LQMen2xidK,2018-06-02,47,-0.0772,0.0,0.894,0.106
@CNN,"If the country used California's weird primary system, Trump probably wouldn't be President, writes Z. Byron Wolf‚Ä¶ https://t.co/5T1X9UGa2I",2018-06-02,48,-0.1779,0.0,0.909,0.091
@CNN,The US economy needs seniors to work longer. Here's how to make that happen. https://t.co/xM1BUQaEgp https://t.co/dMpDKM8QzQ,2018-06-02,49,0.0,0.0,1.0,0.0
@CNN,"Europe is on the verge of a big new crisis, just 6 years after the last one, writes Tim Lister for @CNNOpinion‚Ä¶ https://t.co/KQyfFVC4eb",2018-06-02,50,-0.6249,0.0,0.83,0.17
@CNN,A teacher in Georgia responded the only way she knew how after receiving a letter from President Trump filled with‚Ä¶ https://t.co/XQNi30Q309,2018-06-02,51,0.0,0.0,1.0,0.0
@CNN,Iraq War veteran Pat Ryan is running for Congress. He‚Äôs calling for an assault weapons ban: ‚ÄúThe weapons that I car‚Ä¶ https://t.co/9u5CyxIxab,2018-06-02,52,-0.9524,0.0,0.483,0.517
@CNN,The Pentagon estimates that nearly 500 civilians were killed as a result of US military actions in the first year o‚Ä¶ https://t.co/WaMzEwo2op,2018-06-02,53,-0.6705,0.0,0.816,0.184
@CNN,"Dick's Sporting Goods made a bold decision to stop selling assault style rifles. This week, the company's stock pri‚Ä¶ https://t.co/T1HmqSkRF8",2018-06-02,54,-0.5267,0.106,0.65,0.244
@CNN,The unemployment rate for black Americans continues to fall. That's great news. But it's still stubbornly higher th‚Ä¶ https://t.co/LluFtIQ8uu,2018-06-02,55,-0.0516,0.161,0.63,0.209
@CNN,"The US unemployment rate has fallen below 4% for the first time since 2000, dropping to 3.9% in April. The economy‚Ä¶ https://t.co/q6bL81aInN",2018-06-02,56,-0.6597,0.0,0.787,0.213
@CNN,"Half of registered voters in Texas support stricter gun laws in the US, according to a new Quinnipiac poll‚Ä¶ https://t.co/XmrM1SIQbf",2018-06-02,57,0.0772,0.122,0.769,0.109
@CNN,Corinne Dubreuil is one of the best tennis photographers in the world - and she's had a front row seat to history f‚Ä¶ https://t.co/Gu5HwwrSzL,2018-06-02,58,0.6369,0.167,0.833,0.0
@CNN,"Archaeologists working at the ancient Roman city of Pompeii, Italy, uncovered the remains of a 30-year-old man who‚Ä¶ https://t.co/M6YOKysQRA",2018-06-02,59,0.0,0.0,1.0,0.0
@CNN,"A soldier died before meeting his baby, so his Army family welcomed her with open arms https://t.co/l0wMlpmNy8 https://t.co/gUaz7n9k0v",2018-06-02,60,-0.296,0.114,0.714,0.171
@CNN,He was an NFL player. Now he's a Juilliard-trained opera singer. https://t.co/H3a1B1b5Vo https://t.co/cpenwLU0Vy,2018-06-02,61,0.0,0.0,1.0,0.0
@CNN,"South Korean boy band BTS became the first K-pop group to top the US Billboard 200 chart, with the debut of their n‚Ä¶ https://t.co/Xqj7LnfR4L",2018-06-02,62,0.2023,0.073,0.927,0.0
@CNN,"Roseanne Barr blamed Ambien for her racist tweets.

Sanofi, the maker of Ambien, responded with this statement: ""Wh‚Ä¶ https://t.co/x41AIr5xa3",2018-06-02,63,-0.7964,0.0,0.705,0.295
@CNN,"""Black lives don't matter,"" lawyer says after jury awards $4 in police killing https://t.co/l3RPzTjA8z https://t.co/eqibe421Jc",2018-06-02,64,-0.34,0.147,0.637,0.216
@CNN,Most Americans aren't happy with their salaries. Here's how to change that: https://t.co/UtyKNVCHY5 https://t.co/pF4kdmQptu,2018-06-02,65,-0.5043,0.0,0.799,0.201
@CNN,She left Colombia during the drug wars. Now she runs a major fashion magazine. https://t.co/TUNqKm0MHZ https://t.co/RqFHJTp3uR,2018-06-02,66,-0.5574,0.0,0.795,0.205
@CNN,"Pedro S√°nchez was sworn in Saturday as Spain's Prime Minister, a day after ousting scandal-hit political rival Mari‚Ä¶ https://t.co/sWsCP7Awvh",2018-06-02,67,0.0,0.0,1.0,0.0
@CNN,President Trump's latest pardon storm shows his willingness to test the limits of his power and crush conventions s‚Ä¶ https://t.co/FYcYJ73N8X,2018-06-02,68,0.4215,0.191,0.739,0.07
@CNN,"K-o-i-n-o-n-i-a

That's the winning word Texas teen Karthik Nemmani spelled to win the Scripps National Spelling Be‚Ä¶ https://t.co/012rzopNEY",2018-06-02,69,0.802,0.31,0.69,0.0
@CNN,"Walmart is launching Jetblack, a new personal shopping service that lets customers order items via a text message w‚Ä¶ https://t.co/rTStAZkgnC",2018-06-02,70,0.0,0.0,1.0,0.0
@CNN,Why is nudity completely acceptable in fine art but taboo almost anywhere else? A new book lays the subject bare‚Ä¶ https://t.co/4cRhu7lXBP,2018-06-02,71,0.3244,0.156,0.844,0.0
@CNN,Roseanne Barr says she begged ABC executives to keep her show on the air before the network canceled its hit sitcom‚Ä¶ https://t.co/haaVo1QLf7,2018-06-02,72,0.0,0.0,1.0,0.0
@CNN,Only one more state needs to pass the Equal Rights Amendment to finally get it ratified https://t.co/S9ulv53ECJ https://t.co/ao0QQzGPu8,2018-06-02,73,0.1531,0.086,0.914,0.0
@CNN,"""Chris, we've got your baby girl"": Army Spc. Christopher M. Harris died serving in Afghanistan, just days after lea‚Ä¶ https://t.co/yq89Dd6dlG",2018-06-02,74,-0.5574,0.0,0.841,0.159
@CNN,"Alabama school administrators, who get approval from local authorities and go through training, will be permitted t‚Ä¶ https://t.co/JKoEguSbz5",2018-06-02,75,0.4767,0.154,0.846,0.0
@CNN,A Catholic school told its valedictorian his speech was too political. So he gave it outside on a bullhorn.‚Ä¶ https://t.co/aHOIkZRSFV,2018-06-02,76,0.0,0.0,1.0,0.0
@CNN,A high school football player who takes cannabis oil to prevent his seizures has been ruled ineligible to play in c‚Ä¶ https://t.co/QxgPHtuIJR,2018-06-02,77,0.3612,0.156,0.844,0.0
@CNN,"When he was a kid, Richard Jenkins raised his hand in class so often bullies started calling him ""Harvard.""

Now, a‚Ä¶ https://t.co/YTEUCCozJD",2018-06-02,78,0.4939,0.138,0.862,0.0
@CNN,NFL star JJ Watt has been awarded an honorary doctorate degree for raising over $37 million to help with recovery e‚Ä¶ https://t.co/Fvou5EknKf,2018-06-02,79,0.8602,0.369,0.631,0.0
@CNN,"The 30-year-old man who was still living with his parents says that he finally moved out, 10 days after a judge ord‚Ä¶ https://t.co/b9eN9wmDYf",2018-06-02,80,0.0,0.0,1.0,0.0
@CNN,"Vermont has a new law that will pay workers $10,000 to move there and work remotely https://t.co/EYuhITLFiI https://t.co/q3OAn39Cuc",2018-06-02,81,-0.1027,0.0,0.92,0.08
@CNN,This is what it's like to surf near the Korean Demilitarized Zone https://t.co/8yu12Jk0Uv https://t.co/kwIXee8kCk,2018-06-02,82,0.3612,0.161,0.839,0.0
@CNN,This 8-year-old Georgia boy was with his mom when he saw an elderly woman struggling to climb the stairs with her w‚Ä¶ https://t.co/utg3G48zmW,2018-06-02,83,-0.4215,0.0,0.887,0.113
@CNN,A teacher in Georgia responded the only way she knew how after receiving a letter from President Trump filled with‚Ä¶ https://t.co/AH7mDzXxCb,2018-06-02,84,0.0,0.0,1.0,0.0
@CNN,Iraq War veteran Pat Ryan is running for Congress. He‚Äôs calling for an assault weapons ban: ‚ÄúThe weapons that I car‚Ä¶ https://t.co/H1vEajpRfV,2018-06-02,85,-0.9524,0.0,0.483,0.517
@CNN,The Pentagon estimates that nearly 500 civilians were killed as a result of US military actions in the first year o‚Ä¶ https://t.co/ZcRulVnEXA,2018-06-02,86,-0.6705,0.0,0.816,0.184
@CNN,"Dick's Sporting Goods made a bold decision to stop selling assault style rifles. This week, the company's stock pri‚Ä¶ https://t.co/lNJ90sjkXn",2018-06-02,87,-0.5267,0.106,0.65,0.244
@CNN,The unemployment rate for black Americans continues to fall. That's great news. But it's still stubbornly higher th‚Ä¶ https://t.co/eZeUJFFFQv,2018-06-02,88,-0.0516,0.161,0.63,0.209
@CNN,The unemployment rate for black Americans continues to fall. That's great news. But it's still stubbornly higher th‚Ä¶ https://t.co/2nUgKSiRmx,2018-06-02,89,-0.0516,0.161,0.63,0.209
@CNN,"Half of registered voters in Texas support stricter gun laws in the US, according to a new Quinnipiac poll‚Ä¶ https://t.co/a2vL83Eyyb",2018-06-02,90,0.0772,0.122,0.769,0.109
@CNN,"K-o-i-n-o-n-i-a

That's the winning word Texas teen Karthik Nemmani spelled to win the Scripps National Spelling Be‚Ä¶ https://t.co/zkCsj4uheo",2018-06-02,91,0.802,0.31,0.69,0.0
@CNN,President Trump's latest pardon storm shows his willingness to test the limits of his power and crush conventions s‚Ä¶ https://t.co/b0UNdeafET,2018-06-02,92,0.4215,0.191,0.739,0.07
@CNN,More than 80 homes have been destroyed by the Kilauea volcano eruption in Hawaii in the four weeks since lava began‚Ä¶ https://t.co/cr5wAg0Zn7,2018-06-02,93,-0.4939,0.0,0.868,0.132
@CNN,She left Colombia during the drug wars. Now she runs a major fashion magazine. https://t.co/2Nk4Is171x https://t.co/XquWpdwnx9,2018-06-02,94,-0.5574,0.0,0.795,0.205
@CNN,"Kim Jong Un sent a letter to Trump. 

It's huge. 

https://t.co/XvHmTq6NLL https://t.co/tTu9IaKF8d",2018-06-02,95,0.3182,0.187,0.813,0.0
@CNN,Corinne Dubreuil is one of the best tennis photographers in the world - and she's had a front row seat to history f‚Ä¶ https://t.co/PNcDHzniNE,2018-06-02,96,0.6369,0.167,0.833,0.0
@CNN,Most Americans aren't happy with their salaries. Here's how to change that: https://t.co/wilLmCDqB5 https://t.co/0tULZZW4Ad,2018-06-02,97,-0.5043,0.0,0.799,0.201
@CNN,"""Black lives don't matter,"" lawyer says after jury awards $4 in police killing https://t.co/XkeE6jjFNc https://t.co/SAmfuyw8wo",2018-06-02,98,-0.34,0.147,0.637,0.216
@CNN,"Roseanne Barr blamed Ambien for her racist tweets.

Sanofi, the maker of Ambien, responded with this statement: ""Wh‚Ä¶ https://t.co/Us2ZcxWw1z",2018-06-02,99,-0.7964,0.0,0.705,0.295
@FoxNews,Couple weds atop 150 foot crane https://t.co/cGhAIMmMf3,2018-06-03,0,0.0,0.0,1.0,0.0
@FoxNews,"Georgia city sued by fed-up residents over 'ridiculous' fines for chipped paint, driveway cracks https://t.co/NMsyNgMvvP",2018-06-03,1,0.0,0.0,1.0,0.0
@FoxNews,Airplane hits tractor-trailer hauling pigs during emergency landing on highway https://t.co/wcNWbxRVys,2018-06-03,2,-0.3818,0.0,0.794,0.206
@FoxNews,.@karol: Don't rob your kids of outdoors free play -- they need it https://t.co/J0TLYonDrl,2018-06-03,3,0.8236,0.439,0.561,0.0
@FoxNews,"The team you trust. The network you love.

Watch 'Hannity,' weeknights at 9p ET on Fox News Channel. https://t.co/p92Ott5Avm",2018-06-03,4,0.8176,0.306,0.694,0.0
@FoxNews,Santa Fe High School students graduate two weeks after deadly mass shooting https://t.co/6B3TSgUcSc,2018-06-03,5,0.0,0.0,1.0,0.0
@FoxNews,"#Trump says he is 'very surprised' about alleged Chinese 'intimidation,' 'coercion' https://t.co/D10A4465S5",2018-06-03,6,0.2944,0.166,0.834,0.0
@FoxNews,MONDAY: @PressSec Sarah Sanders and @MarkLevinShow join @SeanHannity at 9p ET. Tune in! #Hannity https://t.co/2ppCQ3R5nB,2018-06-03,7,0.3595,0.151,0.849,0.0
@FoxNews,".@RealCandaceO: ""It is not a safe place to be on a college campus today and hold conservative beliefs.""‚Ä¶ https://t.co/R5Zt2oRAZu",2018-06-03,8,-0.3412,0.0,0.869,0.131
@FoxNews,A skydiver carrying the American flag lands before the first race of the IndyCar Detroit Grand Prix auto racing dou‚Ä¶ https://t.co/Wz3SCVAE0N,2018-06-03,9,0.4588,0.136,0.864,0.0
@FoxNews,".@Scaramucci on more potential presidential pardons: ""It's once again the 'disruptor in chief,' doing the things th‚Ä¶ https://t.co/3gokbTmctd",2018-06-03,10,0.3535,0.127,0.873,0.0
@FoxNews,".@Scaramucci: ""One of the things that the @POTUS is doing by putting out these pardons [is] he's basically sending‚Ä¶ https://t.co/qD4irr2Fyu",2018-06-03,11,0.296,0.104,0.896,0.0
@FoxNews,Whataburger apologizes after manager denied serving plainclothes detective carrying gun https://t.co/mzPLXXHhaw,2018-06-03,12,-0.4215,0.158,0.506,0.335
@FoxNews,"Patricia Blagojevich: ""Our system of government [has] a system of checks and balances for a reason, and sometimes t‚Ä¶ https://t.co/OCrA9e4aO8",2018-06-03,13,0.0,0.0,1.0,0.0
@FoxNews,"Patricia Blagojevich: ""The same people that...went after Mr. D‚ÄôSouza are the same people that went after my husband‚Ä¶ https://t.co/GsWMM4jUDY",2018-06-03,14,0.0,0.0,1.0,0.0
@FoxNews,".@KellyannePolls; ""[President @realDonaldTrump is] out there with the people who are so excited about his progress.‚Ä¶ https://t.co/hLLnw5PH7u",2018-06-03,15,0.4795,0.163,0.837,0.0
@FoxNews,".@KellyannePolls on President @realDonaldTrump's first 500 days in office: ""I have such faith in the American peopl‚Ä¶ https://t.co/5bUaZ8Ntli",2018-06-03,16,0.4215,0.141,0.859,0.0
@FoxNews,".@KellyannePolls: ""A denuclearized Korean peninsula is in everybody's interest."" @JudgeJeanine‚Ä¶ https://t.co/LdAaZ54NPC",2018-06-03,17,0.0,0.0,1.0,0.0
@FoxNews,".@KellyannePolls: ""This @POTUS' leadership has brought North Korea literally to the @WhiteHouse."" @JudgeJeanine‚Ä¶ https://t.co/HCBWh7av8u",2018-06-03,18,0.0,0.0,1.0,0.0
@FoxNews,"""We're more prosperous, we're more secure, and our government is more accountable."" 

@KellyannePolls lists the maj‚Ä¶ https://t.co/AJRT6RTb9q",2018-06-03,19,0.7258,0.289,0.711,0.0
@FoxNews,"Rep. @Jim_Jordan: ""We have an obligation, as a separate and equal branch of government, to get the information to g‚Ä¶ https://t.co/dbYM6fYB7b",2018-06-03,20,0.0,0.0,1.0,0.0
@FoxNews,"Two hikers die after falling from El Capitan in Yosemite, park officials say https://t.co/M80HodmLOs",2018-06-03,21,-0.6705,0.0,0.686,0.314
@FoxNews,"""Do you feel like you are winning?""

@DiamondandSilk hit the streets of the Big Apple to ask New Yorkers how they f‚Ä¶ https://t.co/2admWv00Td",2018-06-03,22,0.3612,0.102,0.898,0.0
@FoxNews,"Michael Rotondo, millennial evicted from parents' house: ""I probably should've bought some bonds or something‚Äî or s‚Ä¶ https://t.co/dFV7yZjJP8",2018-06-03,23,0.0,0.0,1.0,0.0
@FoxNews,"#Clinton's 'a---covering' speech on bin Laden raid made Biden furious, book claims https://t.co/4ECVDOouYI",2018-06-03,24,-0.5719,0.0,0.764,0.236
@FoxNews,Meghan Markle's ex-husband gets engaged shortly after #RoyalWedding https://t.co/oiupIJrl9U,2018-06-03,25,0.4019,0.252,0.748,0.0
@FoxNews,World's oldest cat celebrates 30th birthday https://t.co/CPrmTvPG34,2018-06-03,26,0.5719,0.381,0.619,0.0
@FoxNews,Ex-Rep. Michael Grimm says it's a 'no-win' situation for #Trump when endorsing congressional hopefuls https://t.co/4qoN6BBBI1,2018-06-03,27,0.0,0.0,1.0,0.0
@FoxNews,Network shelving teen series 'Heathers' over atmosphere of school violence https://t.co/CzqrmWMWpp,2018-06-03,28,-0.6249,0.0,0.709,0.291
@FoxNews,"Double homicide in Arizona connected to forensic psychiatrist's death, police say https://t.co/yuSi0WC2Dy",2018-06-03,29,-0.5994,0.0,0.738,0.262
@FoxNews,"Earlier, President @realDonaldTrump tweeted about trade practices, writing that ""the U.S. has been ripped off by ot‚Ä¶ https://t.co/WEc14OodHv",2018-06-03,30,0.0,0.0,1.0,0.0
@FoxNews,"The team you trust. The network you love.

Watch 'Hannity,' weeknights at 9p ET on Fox News Channel. https://t.co/KA87eQcMjz",2018-06-03,31,0.8176,0.306,0.694,0.0
@FoxNews,Poll Average: California gubernatorial race https://t.co/jvGESGeUJP,2018-06-02,32,0.0,0.0,1.0,0.0
@FoxNews,".@SeanHannity: ""The president's economic agenda's clearly succeeding."" #Hannity https://t.co/V7F3uUApG9",2018-06-02,33,0.4019,0.252,0.748,0.0
@FoxNews,Stuart Varney: ‚ÄúThe Democrats do not have a growth plan.‚Äù https://t.co/mflm0sftlf,2018-06-02,34,-0.2924,0.0,0.805,0.195
@FoxNews,.@MrJoshuaRogers: The three last words I ever said to my dad (and the incredible reason I got to say them) https://t.co/t44WPAAwj4,2018-06-02,35,0.0,0.0,1.0,0.0
@FoxNews,U.S. Markets - May. https://t.co/xrKIcYEOFW,2018-06-02,36,0.0,0.0,1.0,0.0
@FoxNews,U.S. Markets - This Week. https://t.co/y4TefIiDfM,2018-06-02,37,0.0,0.0,1.0,0.0
@FoxNews,"Texas teen, 13, is charged in stabbing death of friend; victim's mother claims adult stood by and watched https://t.co/je0RqjoXZK",2018-06-02,38,-0.3612,0.129,0.643,0.229
@FoxNews,".@DanGeltrude: ""I don't know if it's by accident or if Trump's a genius, but the timing is perfect."" #Cavuto https://t.co/ily1RWzXWz",2018-06-02,39,-0.2617,0.0,0.898,0.102
@FoxNews,Bill Maher says his Trump-orangutan jokes are not the same as Roseanne's 'ape' tweets https://t.co/0XAvvn0SIx,2018-06-02,40,0.25,0.125,0.875,0.0
@FoxNews,"RT @MikeEmanuelFox: President Trump meets with North Korean envoy, says summit is back on - interesting insight from @VanHipp on #FoxNews t‚Ä¶",2018-06-02,41,0.4019,0.119,0.881,0.0
@FoxNews,"House Leader McCarthy slams Google over 'Nazism' error, claims bias against conservatives https://t.co/p9WCgTK5tN",2018-06-02,42,-0.4767,0.0,0.728,0.272
@FoxNews,Maryland officer who helped deliver teen 18 years ago surprises him at high school graduation https://t.co/E9tOOxSqPO,2018-06-02,43,0.2263,0.112,0.888,0.0
@FoxNews,WATCH: More Millennials Would Rather Date an MS-13 Gang Member Over a Trump Supporter https://t.co/ECI4sV3qnS,2018-06-02,44,0.2732,0.139,0.861,0.0
@FoxNews,'Sherlock' star Benedict Cumberbatch saves defenseless delivery cyclist from gang attack in London https://t.co/FY7XC9aEXR,2018-06-02,45,-0.6705,0.0,0.686,0.314
@FoxNews,".@DineshDSouza on presidential pardon: ""@BarackObama would not have indicted me if I didn't make a film that deeply‚Ä¶ https://t.co/Ud6nkxoWU8",2018-06-02,46,0.3182,0.126,0.874,0.0
@FoxNews,"Today on Twitter, Sen. @KamalaHarris called once more for Congress to pass ""common sense gun laws."" https://t.co/ZY9DOLPZoO",2018-06-02,47,-0.34,0.0,0.87,0.13
@FoxNews,".@WhiteHouseCEA's Kevin Hassett: ‚ÄúIt‚Äôs really the strongest labor market that we‚Äôve seen in many, many years.‚Äù https://t.co/w7wdaQWKuZ",2018-06-02,48,0.4902,0.166,0.834,0.0
@FoxNews,"On @foxandfriends, @RealCandaceO praised the economic policies of President @realDonaldTrump, stating that they've‚Ä¶ https://t.co/bYE7FZyImT",2018-06-02,49,0.4939,0.198,0.802,0.0
@FoxNews,"On @foxandfriends, @Varneyco praised President @realDonaldTrump's handling of the economy and blasted the media for‚Ä¶ https://t.co/YBEHaxJoE0",2018-06-02,50,0.4939,0.176,0.824,0.0
@FoxNews,Poll: Candidate supporting President @realDonaldTrump impeachment. https://t.co/0NWksKpRZq,2018-06-02,51,0.4404,0.326,0.674,0.0
@FoxNews,.@DineshDSouza: A behind-the-scenes look at my presidential pardon https://t.co/oJXN6bffUQ,2018-06-02,52,0.3182,0.247,0.753,0.0
@FoxNews,".@RepDaveBrat: ""Bernie and Trump both ran on wages, until Hillary rigged the thing about Bernie."" https://t.co/8fOodsuEje",2018-06-02,53,-0.3612,0.0,0.857,0.143
@FoxNews,7 ways to cool your home without an air conditioner https://t.co/6gDQs99rai,2018-06-02,54,0.3182,0.204,0.796,0.0
@FoxNews,"‚ÄòDespair and Hope in America: Fox News Investigates‚Äô ‚Äì Don't miss part one of this special series on ‚ÄòFox Report,‚Äô‚Ä¶ https://t.co/WdhTUt2n9p",2018-06-02,55,0.7557,0.305,0.695,0.0
@FoxNews,GOP NC state senator fires back after being listed as a ‚Äòbigot‚Äô in controversial Google image https://t.co/K9QTrAntcd,2018-06-02,56,-0.2023,0.0,0.893,0.107
@FoxNews,Trump attorneys' letter to Mueller spells out legal arguments against Trump sitting down for interview https://t.co/IWSUFJPkQJ,2018-06-02,57,-0.296,0.082,0.769,0.148
@FoxNews,"Earlier today, @SenJohnMcCain tweeted his support for ""the bipartisan effort in the House to file a discharge petit‚Ä¶ https://t.co/wkEM0g4DMj",2018-06-02,58,0.4019,0.137,0.863,0.0
@FoxNews,Johnny Depp appears frail and gaunt in newly surfaced Instagram photos https://t.co/TCAcBBnqBO,2018-06-02,59,0.0,0.0,1.0,0.0
@FoxNews,"The team you trust. The network you love.

Watch 'Hannity,' weeknights at 9p ET on Fox News Channel. https://t.co/y3OB9BYnms",2018-06-02,60,0.8176,0.306,0.694,0.0
@FoxNews,.@dbongino Slams John Brennan: 'He's a Liar About Being a Liar!' https://t.co/H64T8vwHUU,2018-06-02,61,-0.5562,0.0,0.715,0.285
@FoxNews,World's oldest cat celebrates 30th birthday https://t.co/CPrmTvPG34,2018-06-02,62,0.5719,0.381,0.619,0.0
@FoxNews,"WATCH: 9-year-old with muscular dystrophy hugs President @realDonaldTrump after Trump signs ""Right to Try"" bill.‚Ä¶ https://t.co/0fBBLx19zU",2018-06-02,63,0.4939,0.176,0.824,0.0
@FoxNews,NEWS ALERT: Fox News has obtained exclusively a letter President @realDonaldTrump's legal team sent to Mueller in J‚Ä¶ https://t.co/mhzCaXFvKx,2018-06-02,64,0.5319,0.217,0.783,0.0
@FoxNews,"Republican blasts 'unethical tricks from the swamp,' rejects Dems' donations https://t.co/78qWfxZwHK",2018-06-02,65,-0.7906,0.0,0.5,0.5
@FoxNews,"RT @EricShawnTV: I anchor starting at 5 pm EDT @FoxNews with @ArthelNeville. So, Kim Jong Un has money for nuclear weapons and ballistic mi‚Ä¶",2018-06-02,66,-0.4404,0.0,0.879,0.121
@FoxNews,"Ted Cruz, Jimmy Kimmel to end feud with one-on-one basketball game - via @foxbusiness https://t.co/Z7yzYOgp2Z",2018-06-02,67,-0.34,0.0,0.844,0.156
@FoxNews,Trudeau on Trump Tariffs: 'Insulting &amp; Unacceptable' That Canada Is Seen as Nat'l Security Threat https://t.co/l2n2AxvwVC,2018-06-02,68,-0.802,0.1,0.5,0.4
@FoxNews,"Earlier today, President @realDonaldTrump once again reiterated his contention that the only collusion with Russia‚Ä¶ https://t.co/sF22uEfB0Q",2018-06-02,69,0.0,0.0,1.0,0.0
@FoxNews,"On @foxandfriends, @Varneyco praised President @realDonaldTrump's handling of the economy and blasted the media for‚Ä¶ https://t.co/CBzYyBGMVE",2018-06-02,70,0.4939,0.176,0.824,0.0
@FoxNews,.@newtgingrich: China's embrace of Marxism is bad news for its people https://t.co/GuLgCNbUDk,2018-06-02,71,-0.296,0.146,0.633,0.222
@FoxNews,"MONDAY on ""#Hannity,"" @seanhannity sits down with @PressSec Sarah Sanders - Tune in at 9p ET on Fox News Channel! https://t.co/mDln18XeyY",2018-06-02,72,0.0,0.0,1.0,0.0
@FoxNews,"The team you trust. The network you love.

Watch 'Hannity,' weeknights at 9p ET on Fox News Channel. https://t.co/V9QObQ5wQn",2018-06-02,73,0.8176,0.306,0.694,0.0
@FoxNews,Meghan Markle's ex-husband gets engaged shortly after royal wedding https://t.co/oiupIJrl9U,2018-06-02,74,0.4019,0.231,0.769,0.0
@FoxNews,".@Varneyco: ""We are on the road to prosperity; @TheDemocrats cannot admit that going into the November elections.""‚Ä¶ https://t.co/Kyw8JwkhFR",2018-06-02,75,-0.1511,0.0,0.914,0.086
@FoxNews,"Trump: 'UNFAIR' trade practices can 'no longer be tolerated,' US 'must be treated fairly' https://t.co/wGUcELl6Te",2018-06-02,76,-0.296,0.0,0.864,0.136
@FoxNews,"Ex-Rep. Michael Grimm campaigns for old seat, warns Trump to 'stay out' of race https://t.co/4qoN6BBBI1",2018-06-02,77,-0.1027,0.0,0.909,0.091
@FoxNews,"Trump questions whether Mueller, DOJ 'leaking' letters to 'Fake News Media' in 'Witch Hunt Hoax' https://t.co/drjMIC3T85",2018-06-02,78,-0.7717,0.0,0.628,0.372
@FoxNews,9-Year-Old Boy With Muscular Dystrophy Hugs Trump at Bill Signing https://t.co/0bdvLSofAR https://t.co/23MSDUXh0P,2018-06-02,79,0.4939,0.225,0.775,0.0
@FoxNews,"On @NextRevFNC, @SteveHiltonx investigates Gov. Jerry Brown's policies and their effect on California. Tune in Sund‚Ä¶ https://t.co/YaHaaP0jZi",2018-06-02,80,0.0,0.0,1.0,0.0
@FoxNews,".@SteveHiltonx: Is Loony Left @JerryBrownGov killing California? What does that mean for America?
https://t.co/A6HILoyr8l",2018-06-02,81,-0.6966,0.0,0.732,0.268
@FoxNews,"Millennial evicted from parents' home paid for car storage, but balked at child support, records show https://t.co/PX3ciXt8vZ",2018-06-02,82,0.5499,0.182,0.818,0.0
@FoxNews,"Moments ago, President @realDonaldTrump once again reiterated his contention that the only collusion with Russia oc‚Ä¶ https://t.co/ww7VcXNmOW",2018-06-02,83,0.0,0.0,1.0,0.0
@FoxNews,"On @foxandfriends, @RealCandaceO praised the economic policies of President @realDonaldTrump, stating that they've‚Ä¶ https://t.co/KBj9GpXsNz",2018-06-02,84,0.4939,0.198,0.802,0.0
@FoxNews,"On Twitter, 2016 Democratic presidential nominee @HillaryClinton decried the Trump Administration's treatment of im‚Ä¶ https://t.co/nKPIY04XJU",2018-06-02,85,0.0,0.0,1.0,0.0
@FoxNews,Whataburger apologizes after manager denied serving plainclothes detective carrying gun https://t.co/mzPLXXYSz6,2018-06-02,86,-0.4215,0.158,0.506,0.335
@FoxNews,".@PastorDimasNYC: ""The church needs the police as well, as often I'm called on, the police need the church."" https://t.co/swjEp3E2kQ",2018-06-02,87,0.2732,0.104,0.896,0.0
@FoxNews,Tune in for an all-new @GregGutfeldShow tonight at 10p ET on Fox News Channel! https://t.co/IwvE7132Ue,2018-06-02,88,0.0,0.0,1.0,0.0
@FoxNews,Unemployment rate over the course of the last year. https://t.co/5AoXH5Wza2,2018-06-02,89,-0.4404,0.0,0.756,0.244
@FoxNews,".@TheRealJohnHCox: ""California has the highest tax burden in the country. We've got the highest poverty rate. Our r‚Ä¶ https://t.co/A5lC1ZnKkb",2018-06-02,90,-0.7351,0.0,0.733,0.267
@FoxNews,#CAgov - Poll Average. https://t.co/6tFJpvCd2H,2018-06-02,91,0.0,0.0,1.0,0.0
@FoxNews,"A mother deer helped its tiny, frightened fawn move out of danger in the middle of a Washington road. https://t.co/eCbHi2k8NZ",2018-06-02,92,-0.743,0.0,0.717,0.283
@FoxNews,".@RealCandaceO: ""I go on these college campuses and I say, 'Look - I support @realDonaldTrump. Do you really believ‚Ä¶ https://t.co/ACVGq4ILtO",2018-06-02,93,0.4019,0.144,0.856,0.0
@FoxNews,"On ""#Cavuto Live,"" @repcleaver warned that the toxic rhetoric coming from both the left and the right worries him t‚Ä¶ https://t.co/7grVCyuPX4",2018-06-02,94,-0.5994,0.0,0.795,0.205
@FoxNews,CBP: Construction on San Diego section of US border wall begins https://t.co/3Uf4bwIeR2 https://t.co/ITJxiBpng1,2018-06-02,95,0.0,0.0,1.0,0.0
@FoxNews,"TOMORROW: Don't miss ""Life, Liberty, &amp; Levin"" with @marklevinshow - Tune in at 10p ET on Fox News Channel! https://t.co/EsOAah9QeF",2018-06-02,96,-0.3867,0.067,0.79,0.143
@FoxNews,.@Google lists GOP NC state senator as 'bigot' in controversial image https://t.co/VXW2LNFQ8n https://t.co/FwOZvLvyR2,2018-06-02,97,-0.2023,0.0,0.87,0.13
@FoxNews,"WATCH: 9-year-old with muscular dystrophy hugs President @realDonaldTrump after Trump signs ""Right to Try"" bill.‚Ä¶ https://t.co/WEN56l4eLN",2018-06-02,98,0.4939,0.176,0.824,0.0
@FoxNews,".@antjuansea: ""There are people on the right who refuse to reject and denounce racism, bigotry, and hate."" https://t.co/Pj7WxYEyhu",2018-06-02,99,-0.886,0.0,0.551,0.449
@nytimes,An ideal vehicle for the ripest strawberries at the height of the season https://t.co/fgar5lOIQT https://t.co/09IxVHN3Ma,2018-06-03,0,0.5267,0.195,0.805,0.0
@nytimes,How to deal with those annoying group messages without silencing everything else on your phone https://t.co/s10FyJ6PqL,2018-06-03,1,-0.3248,0.076,0.775,0.149
@nytimes,"5 destinations that may not meet your expectations, and one that may exceed them https://t.co/8y3TK5Uoyc",2018-06-03,2,0.0,0.0,1.0,0.0
@nytimes,"Irving Sandler, Art Historian Who Was Close to Artists, Dies at 92 https://t.co/jjRpnVW31v",2018-06-03,3,0.0,0.0,1.0,0.0
@nytimes,"Hollywood may be a business reluctant to give women second chances, but Alicia Silverstone, suddenly seems to be ev‚Ä¶ https://t.co/FrIRXW8ORA",2018-06-03,4,-0.0258,0.07,0.854,0.075
@nytimes,"These TV shows are workplace comedies with the workplace redistributed to the home, rom-coms where the romance is m‚Ä¶ https://t.co/XEKy5Mwwkl",2018-06-03,5,0.743,0.259,0.741,0.0
@nytimes,Why Are the Death Tolls in Puerto Rico From Hurricane Maria So Different? https://t.co/exVMsmOUPV,2018-06-03,6,-0.5994,0.0,0.769,0.231
@nytimes,"Should chimps in ill health be moved at all, or stay where they are, retiring in place? https://t.co/LyZdvkDlRF",2018-06-03,7,-0.4215,0.0,0.859,0.141
@nytimes,De Blasio Proposes Changes to New York‚Äôs Elite High Schools https://t.co/nzmnsO3VPn,2018-06-03,8,0.0,0.0,1.0,0.0
@nytimes,The secret to finding the money and time for home improvements is simple: Renovate one room at a time https://t.co/SzWj2Uir4E,2018-06-03,9,0.3182,0.113,0.887,0.0
@nytimes,Mahan Esfahani is a musician on a mission https://t.co/gvwtW0mqzP,2018-06-03,10,0.0,0.0,1.0,0.0
@nytimes,"In the #MeToo Era, Raising Boys to Be Good Guys https://t.co/jcHhEXvHzh",2018-06-03,11,0.4404,0.225,0.775,0.0
@nytimes,A guilty pleasure for many children of the '90s: A personal pan pizza from Pizza Hut. What corporate delivery pie d‚Ä¶ https://t.co/71IyiS7PJV,2018-06-03,12,0.2263,0.151,0.735,0.114
@nytimes,Why should a meal on our own be uninspired or scarfed down as if consumed on the shoulder of an interstate highway? https://t.co/TvRBfKZRxd,2018-06-02,13,0.0,0.0,1.0,0.0
@nytimes,There are a few low-tech tricks that can make switching time zones and taking long haul flights a little easier https://t.co/A5dptlHBbx,2018-06-02,14,0.2516,0.119,0.809,0.071
@nytimes,Deaths of 2 Paralegals Linked to Killing of High-Profile Forensic Psychiatrist https://t.co/BRKPQpzEEZ,2018-06-02,15,-0.6597,0.0,0.694,0.306
@nytimes,"Few people interested in fitness are unfamiliar with the concept of high-intensity interval training, or HIIT. But‚Ä¶ https://t.co/RBD3pK8wGE",2018-06-02,16,0.5859,0.231,0.769,0.0
@nytimes,"""Everything they do is weird."" How Antarctic sea spiders get oxygen. https://t.co/BDKjQFg7VY",2018-06-02,17,0.0,0.0,1.0,0.0
@nytimes,"Gay in India, Where Progress Has Come Only With Risk https://t.co/5aFoDQp4km",2018-06-02,18,0.1779,0.201,0.647,0.151
@nytimes,Nonfiction: Wisdom Dispensed With Slaps and Puns: A Sprightly History of Advice-Giving https://t.co/XseyTiQi09,2018-06-02,19,0.7506,0.39,0.61,0.0
@nytimes,"For those of us who did not grow up digging in the dirt, but want to give it a try, the prospect can be intimidating https://t.co/1WX1fOVOV3",2018-06-02,20,-0.3182,0.138,0.682,0.18
@nytimes,"White Bolognese, a meat sauce made without tomato, is a variation you rarely see in America https://t.co/4nqGyFb0BK https://t.co/f5gu7o8NRL",2018-06-02,21,0.0,0.0,1.0,0.0
@nytimes,"RT @maggieNYT: Trump‚Äôs lawyers argue that Mueller doesn‚Äôt need to interview him because they have all the information they need, including‚Ä¶",2018-06-02,22,-0.34,0.0,0.893,0.107
@nytimes,A video of South African schoolgirls doing a seminude traditional performance has spread widely on social media. Th‚Ä¶ https://t.co/MFgYNt1d7b,2018-06-02,23,0.0,0.0,1.0,0.0
@nytimes,"3 pastors in the heavily evangelical Central Valley of California sat down with us to talk about race, President Tr‚Ä¶ https://t.co/JsusdKBnzz",2018-06-02,24,0.0,0.0,1.0,0.0
@nytimes,That thing Samantha Bee said about Ivanka Trump. You know. That thing. Some of us at The New York Times share our t‚Ä¶ https://t.co/Ep18rEtRwj,2018-06-02,25,0.296,0.087,0.913,0.0
@nytimes,Writers like Ada Calhoun and Michael Lewis are part of a growing group of A-list authors bypassing print and releas‚Ä¶ https://t.co/5kWExd9D81,2018-06-02,26,0.4939,0.189,0.811,0.0
@nytimes,"RT @karaszpalko: ‚Äú‚ÄòThis is just music,‚Äô people will say. But I think it has a terrible effect,‚Äù said Cressida Dick, police commissioner for‚Ä¶",2018-06-02,27,-0.7506,0.0,0.748,0.252
@nytimes,"‚ÄúThe social change is not reversible in Iran, because the traditions have changed; the way people interact and rela‚Ä¶ https://t.co/4CsAXqa1D3",2018-06-02,28,0.0,0.0,1.0,0.0
@nytimes,"Senate Republicans have new optimism about the midterm elections, with some even expecting to increase their slim m‚Ä¶ https://t.co/zMbhBIEVSi",2018-06-02,29,0.7003,0.254,0.746,0.0
@nytimes,"In @NYTOpinion 

Mawaan Rizwan writes, ""When I was a boy, I witnessed my mother make the impossible possible in our‚Ä¶ https://t.co/ZtwCziFePs",2018-06-02,30,0.0,0.0,1.0,0.0
@nytimes,"Daniel Beckwitt was afraid of North Korea, his lawyer said, so he hired a man to dig tunnels for a bunker under his‚Ä¶ https://t.co/0npbi5oiLj",2018-06-02,31,0.0,0.0,1.0,0.0
@nytimes,"RT @nytimesworld: Riot police used tear gas to break up opposition supporters who had planned to march through Mali‚Äôs capital Bamako, calli‚Ä¶",2018-06-02,32,-0.1779,0.109,0.755,0.136
@nytimes,Trump often points out that his predecessors left him the ‚Äúmess‚Äù of a nuclear-armed North Korea ‚Äî errors he vows no‚Ä¶ https://t.co/xMGTrFARJC,2018-06-02,33,-0.34,0.0,0.888,0.112
@nytimes,"Millionaire‚Äôs shortbread is a flashy cookie, topped with swoops of chocolate and chewy caramel‚Ä¶ https://t.co/92QBaZsqIP",2018-06-02,34,0.0,0.0,1.0,0.0
@nytimes,"RT @nytmike: Trump‚Äôs lawyers said the Constitution empowers him to, ‚Äúif he wished, terminate the inquiry, or even exercise his power to par‚Ä¶",2018-06-02,35,0.0,0.0,1.0,0.0
@nytimes,"The full text of the confidential letter sent by Trump‚Äôs lawyers to the special counsel, Robert Mueller, annotated‚Ä¶ https://t.co/u7oc25xCyW",2018-06-02,36,0.4019,0.13,0.87,0.0
@nytimes,"Breaking News: In a confidential memo to the special counsel, President Trump‚Äôs lawyers made broad claims of execut‚Ä¶ https://t.co/uN5qEYbm8x",2018-06-02,37,0.4019,0.137,0.863,0.0
@nytimes,A contingent of Las Vegas residents are in line for a massive payday if the Golden Knights prevail in the best-of-7‚Ä¶ https://t.co/WEkvDi5ugg,2018-06-02,38,0.0,0.0,1.0,0.0
@nytimes,"In @NYTOpinion 

Linden Crawford writes, ""In early 2016, I decided to get top surgery to remove my breast tissue. T‚Ä¶ https://t.co/EfPsFBnBGA",2018-06-02,39,0.2023,0.087,0.913,0.0
@nytimes,Finding your first apartment in New York City https://t.co/pGePeqSJhh,2018-06-02,40,0.0,0.0,1.0,0.0
@nytimes,"Unlike other women he had dated, she didn‚Äôt move on when he was out of town working as a tour manager and sound eng‚Ä¶ https://t.co/mupXm80Le3",2018-06-02,41,0.0,0.0,1.0,0.0
@nytimes,"Vancouver real estate is so expensive that politicians want to tax it into submission, and many homeowners are OK w‚Ä¶ https://t.co/oeduhU89LS",2018-06-02,42,0.4995,0.182,0.818,0.0
@nytimes,The UN said that it had ‚Äústrong indications‚Äù that Mexican security forces were involved in the disappearances of ne‚Ä¶ https://t.co/P7Hr6sNLAa,2018-06-02,43,0.34,0.112,0.888,0.0
@nytimes,Vulnerable House Republicans are pushing legislation to protect young undocumented immigrants. Will it save their s‚Ä¶ https://t.co/psPbVXoXqr,2018-06-02,44,0.5994,0.267,0.645,0.088
@nytimes,"As a volunteer emergency medical worker, Razan al-Najjar said she wanted to prove that women could play an importan‚Ä¶ https://t.co/x51HJttxsq",2018-06-02,45,-0.0516,0.109,0.773,0.118
@nytimes,"The job market is strong, but one mystery remains: lackluster wage growth https://t.co/0BOIUZVGgb",2018-06-02,46,0.6757,0.335,0.665,0.0
@nytimes,"Scott Pruitt, who has reversed Obama-era EPA rules, enjoys cozy ties with a coal baron who got him a superfan exper‚Ä¶ https://t.co/Knb1HMfoIO",2018-06-02,47,0.5106,0.148,0.852,0.0
@nytimes,This past week brought 2 developments that could prove pivotal in November for Senate Republicans  https://t.co/OC9c7jvdxU,2018-06-02,48,0.0,0.0,1.0,0.0
@nytimes,Not sure what to read over the summer? We've got you covered. https://t.co/zFoFpkRqUE,2018-06-02,49,0.3182,0.161,0.839,0.0
@nytimes,Will a Canadian version of Donald Trump become leader of the country's most important province? https://t.co/vK63GtBR7l,2018-06-02,50,0.2716,0.13,0.87,0.0
@nytimes,A former police officer wanted his charges dismissed under Florida‚Äôs Stand Your Ground law. A judge called his test‚Ä¶ https://t.co/SJuXoUu7dU,2018-06-02,51,-0.2732,0.0,0.89,0.11
@nytimes,"RT @nytvideo: Razan al-Najjar, 20, was trying to help an injured protester near the border fence when she was fatally shot by Israeli soldi‚Ä¶",2018-06-02,52,-0.6369,0.088,0.686,0.225
@nytimes,The top candidates for California governor grapple with the popularity of Jerry Brown and their own indiscretions a‚Ä¶ https://t.co/mtSQwjdhCY,2018-06-02,53,0.5994,0.224,0.776,0.0
@nytimes,"Friends unconditionally support each other, but colleagues can‚Äôt always do that, especially when their own reputati‚Ä¶ https://t.co/JrhJBiq0WJ",2018-06-02,54,0.4404,0.206,0.794,0.0
@nytimes,"This light, summery shrimp salad is enhanced by cayenne, paprika, garlic and a bit of lemon juice‚Ä¶ https://t.co/CaRwWo4sEg",2018-06-02,55,0.0,0.0,1.0,0.0
@nytimes,Convergence in the Tale of Two Cities https://t.co/nD8GFnBV1z,2018-06-02,56,0.0,0.0,1.0,0.0
@nytimes,"Modern Love: ""I sat on the bed next to him and he hugged me, kissed me, held me. Although I wasn't naked, I felt so‚Ä¶ https://t.co/h9zvgnjEuG",2018-06-02,57,0.8591,0.311,0.689,0.0
@nytimes,"The best TV shows and movies new to Netflix, Amazon and more in June https://t.co/jvetkNo5cP",2018-06-02,58,0.7096,0.312,0.688,0.0
@nytimes,"Accusations of brainwashing, branding and sex trafficking have shadowed Nxivm, a secretive self-help group. The Tim‚Ä¶ https://t.co/Z9fRhelzNf",2018-06-02,59,-0.5859,0.0,0.745,0.255
@nytimes,"25 years ago, ‚ÄúAngels in America‚Äù felt like a reimagining of great American playwriting. Here are the 25 best works‚Ä¶ https://t.co/xGpC7PEHSl",2018-06-02,60,0.8957,0.388,0.612,0.0
@nytimes,Denmark Talks (Reluctantly) About a Ban on Circumcising Boys https://t.co/XwdKHmwq4d,2018-06-02,61,-0.5574,0.0,0.69,0.31
@nytimes,"In 2012 when Hurricane Sandy hit, a sign advertising a house for sale on the Jersey Shore disappeared. It just turn‚Ä¶ https://t.co/2q2mwZJSwY",2018-06-02,62,-0.2263,0.0,0.909,0.091
@nytimes,It's summer. Time to read. https://t.co/iRyuPoE2B5,2018-06-02,63,0.0,0.0,1.0,0.0
@nytimes,"An ancient Roman tomb is unearthed and to everyone‚Äôs surprise, it‚Äôs intact https://t.co/JZ7eQdcdEh",2018-06-02,64,0.4404,0.262,0.738,0.0
@nytimes,We asked readers which health campaign they would like to see started.  Here are some of their responses. https://t.co/WXPt8794hN,2018-06-02,65,0.3612,0.122,0.878,0.0
@nytimes,"Hungry City: At Lahi, Filipino Dishes, Classic and Idiosyncratic Alike https://t.co/BIJupGk1Xp",2018-06-02,66,0.0,0.0,1.0,0.0
@nytimes,President Trump ordered Energy Secretary Rick Perry to ‚Äúprepare immediate steps‚Äù to stop the closure of unprofitabl‚Ä¶ https://t.co/u9ggoJC1nQ,2018-06-02,67,-0.0258,0.103,0.788,0.108
@nytimes,"When ISIS was ousted from Mosul, we went to see what they left behind ‚Äî with the help of a Metallica-loving Mosul n‚Ä¶ https://t.co/otf132Bkzc",2018-06-02,68,0.4019,0.114,0.886,0.0
@nytimes,52 Hours at Breakup Boot Camp https://t.co/iU3qCdsoRX,2018-06-02,69,0.0,0.0,1.0,0.0
@nytimes,What would ISIS leave behind as their hold on Mosul crumbled? Our reporters went to find out. https://t.co/pQCosuFgsy,2018-06-02,70,-0.0516,0.0,0.934,0.066
@nytimes,"At an observatory in Quebec, they were hoping for a 50,000-bird day. They saw more than half a million. ‚ÄúToday was‚Ä¶ https://t.co/bHgu3H8yQm",2018-06-02,71,0.4215,0.128,0.872,0.0
@nytimes,"RT @nytimesmusic: The 1975 talk about its generation, and 9 more new songs. Hear the Playlist. https://t.co/WOtfXOn4Zp https://t.co/4V0E9Hy‚Ä¶",2018-06-02,72,0.0,0.0,1.0,0.0
@nytimes,"RT @nytimesarts: We ranked the best 25 American plays since ""Angels in America."" Here is how we made our list. https://t.co/4UmtDB4X03",2018-06-02,73,0.7351,0.246,0.754,0.0
@nytimes,"RT @nytopinion: The darker echoes of the 1930s are sounding louder, @BretStephensNYT writes. We know how this movie ends. https://t.co/djsc‚Ä¶",2018-06-02,74,0.0,0.0,1.0,0.0
@nytimes,"RT @nytimesbooks: Why do old books have a distinctive smell? The breakdown of chemicals in paper releases vanilla, almond and floral notes:‚Ä¶",2018-06-02,75,0.0,0.0,1.0,0.0
@nytimes,Seminude School Performance Sparks Debate About Tradition in South Africa https://t.co/ppIAaqCu1O,2018-06-02,76,0.0,0.0,1.0,0.0
@nytimes,Doctors: A More Egalitarian Hospital Culture Is Better for Everyone https://t.co/WoVsJidfpO,2018-06-02,77,0.4404,0.244,0.756,0.0
@nytimes,"Keith Mumphery was twice cleared for an alleged sexual assault. Then he was tried a third time, without even knowin‚Ä¶ https://t.co/pjbK7ebofi",2018-06-02,78,-0.5267,0.06,0.776,0.164
@nytimes,This may or may not be a subtweet https://t.co/qI25YgKS8I,2018-06-02,79,0.0,0.0,1.0,0.0
@nytimes,RT @nytimesworld: What happens when fake money used in movies look too real? https://t.co/HELLx1aCCZ,2018-06-02,80,-0.4767,0.0,0.807,0.193
@nytimes,"RT @nytimesmusic: After years of tossed off warning shots, a battle between Drake and Pusha-T is now in full bloom. Hear the Popcast. https‚Ä¶",2018-06-02,81,-0.6124,0.0,0.808,0.192
@nytimes,RT @NYTStyles: Suddenly everybody is popping adaptogens! But what are adaptogens? https://t.co/neMuL8fGRz,2018-06-02,82,0.0,0.0,1.0,0.0
@nytimes,How to deal with those annoying group messages without silencing everything else on your phone https://t.co/4JlLQ5ZXiW,2018-06-02,83,-0.3248,0.076,0.775,0.149
@nytimes,RT @nytimesworld: Election Day approaches for a beleaguered soccer power in Turkey. Will the members choose a new leader? https://t.co/wyd3‚Ä¶,2018-06-02,84,0.0,0.0,1.0,0.0
@nytimes,"Nearly 50 years after it was stolen, possible evidence suggests that Caravaggio ""Nativity"" may have been cut up and‚Ä¶ https://t.co/0juw0rVlGi",2018-06-02,85,-0.6486,0.0,0.773,0.227
@nytimes,"RT @NYTStyles: A guy at my gym is all enthusiasm and no technique. He‚Äôs going to destroy his back. Can I give him some unsolicited advice,‚Ä¶",2018-06-02,86,-0.4215,0.098,0.709,0.193
@nytimes,"RT @nytimesarts: Lynching was met with public silence, which lasted a long time. That silence has been decisively broken with the opening o‚Ä¶",2018-06-02,87,-0.4767,0.0,0.871,0.129
@nytimes,"Seeds of an epidemic: The maker of OxyContin knew early on that it was being abused as a narcotic, but kept promoti‚Ä¶ https://t.co/kOWBlTVT0V",2018-06-02,88,-0.2846,0.0,0.907,0.093
@nytimes,"RT @NYTNational: Ms. Reid‚Äôs decade-old blog, which contained homophobic posts, also promoted a 9/11 conspiracy and an insulting photo of Se‚Ä¶",2018-06-02,89,-0.5859,0.106,0.644,0.25
@nytimes,"In New Jersey, some towns are turning vacant office parks into opportunities https://t.co/CZ2tJ1yrNz",2018-06-02,90,0.3818,0.178,0.822,0.0
@nytimes,"4 more people have died from tainted romaine lettuce, federal health officials said https://t.co/w49yEmd98d",2018-06-02,91,-0.5945,0.0,0.756,0.244
@nytimes,"""I‚Äôm totally in love with her, but there‚Äôs one problem: For some time now, I‚Äôve felt unimportant and excruciatingly‚Ä¶ https://t.co/XomU9dVMeJ",2018-06-02,92,-0.5805,0.104,0.648,0.248
@nytimes,"RT @nytimesarts: Street artists are painting ‚Äî with permission ‚Äî on corrugated metal sheds at the World Trade Center site, bringing a 5Poin‚Ä¶",2018-06-02,93,0.0,0.0,1.0,0.0
@nytimes,"A missing taillight led to a police chase. The chase led to the discovery of a kidnapped woman. Now, 3 bodies have‚Ä¶ https://t.co/bA6Bgh7fVW",2018-06-02,94,-0.296,0.0,0.891,0.109
@nytimes,Mattis Accuses Beijing of ‚ÄòIntimidation and Coercion‚Äô in South China Sea https://t.co/4ROkZv4LJf,2018-06-02,95,-0.34,0.0,0.821,0.179
@nytimes,RT @nytpolitics: President Trump falsely claimed the Korean War was the ‚Äúlongest war‚Äù in history. It was one of many inaccurate or puzzling‚Ä¶,2018-06-02,96,-0.5994,0.0,0.849,0.151
@nytimes,"""Topdog/Underdog."" ""The Laramie Project."" ""The Vagina Monologues."" The 25 best American plays of the last 25 years: https://t.co/NsIvVv1RU7",2018-06-02,97,0.7351,0.279,0.721,0.0
@nytimes,"RT @MaggieAstor: On Tuesday, it will be 50 years since Bobby Kennedy was shot in the pantry of a Los Angeles hotel. His assassination profo‚Ä¶",2018-06-02,98,-0.5994,0.0,0.855,0.145
@nytimes,"Move to Vermont. Work from home. Get $10,000. (Or at least something.) https://t.co/VrE7yznT9E",2018-06-02,99,0.0,0.0,1.0,0.0
